Title,Artist,Category,Release Date,Lyric
SPOT! (feat. JENNIE) - 지코 (ZICO),지코 (ZICO),랩/힙합,2024.04.26,Everything ok my man|Turn the music up||Uhm we’re not going home tonight  alright|네 계획에 없던 party|Up and down round and round|Hit the spot spot spot spot|엎치락뒤치락 정신을 왜 차려 왜||Hey girl where you at|데리러 갈게 send me the address|No dress code 대충 걸치면 돼|우린 꾸밈없고  나머진 억텐 yeah||농익은 분위기 it’s too sticky|마구 부대껴 어머! 정전기 찌릿|여긴 내 동생 저기는 내 homie|순둥이지만 음악 틀면 눈 돌지||Chillin’ out  we yellin’ out  one more|찐친 바이브 위아래 안 따져|부끄런 I 피식 E를 드러내|포위됐어 넌 now hands in the air||Uhm we’re not going home tonight  alright|네 계획에 없던 party|Up and down round and round|Hit the spot spot spot spot|엎치락뒤치락 정신을 왜 차려 왜||Up and down round and round|Everybody hit the spot|Up and down round and round|Everybody hit the top|Up and down round and round|Everybody make it loud (Make it loud)|Up and down round and round|Ain’t nobody hold us down||어깨 툭툭 he say “Yo JENNIE |Told you that 도망치면 배신”|Yeah  I know I know|일단 더우니까 바람 쐬러 나가||Bae 나갈 때 뒤로 딱 붙어|땀 뺐으니까 후딱 아이스크림 go|들키면 피곤해져 put your mask on|한바퀴 돌고 퀵하게 조인해||우리 프로젝트 타이틀 명은 J Z|We gon’ run this town  that’s crazy|짱박아 놨던 네 똘끼를 꺼내|해방됐어 넌 now hands in the air||Uhm we’re not going home tonight  alright|네 계획에 없던 party|Up and down round and round|Hit the spot spot spot spot|엎치락뒤치락 정신을 왜 차려 왜||Up and down round and round|Everybody hit the spot|Up and down round and round|Everybody hit the top|Up and down round and round|Everybody make it loud|Up and down round and round|Everybody Stop|Wait a minute ahhh||Come vibe with us|Ride with us|
해야 (HEYA) - IVE (아이브),IVE (아이브),댄스,2024.04.29,Let’s get it|Look at it|Pay attention||얼어붙은 맘 어디 깨볼까?|놀라버렸던 네 심장 말이야|맘에 들었어 넌 그냥 Say yes|내가 널 부르면 “얼음 땡”||(Da da da dun dun)|널 노리는 내 두 눈|숨을 죽인 그다음|한 발 낮춘 attitude|때를 기다리는 pose||어둠 속 빛난 tiger eyes|날 감춘 채로 다가가|새빨간 말로 홀려 놔|방심한 순간 claw||우린 더 높이|하늘에 닿을 것처럼 외쳐 너를 깨워|올려 봐 노려봐 넌 내 거니까 다|자꾸 널 보면 탐이 탐이 나||해야 해야 해야|한입에 널 삼킬 때야|(탐이 탐이 나)|해야 해야 해야|이미 내가 이긴 패야|(널 보면 탐이 탐이 나)||해야 해야 해야|뜨겁게 떠오르는 해야|별안간 홀린 그 순간 Bite|단 한 번에 난 널 휘리휘리 Catch ya||더 높이 Keep it up|Uh huh|Happily ever after? Nope!|(Da da da dun dun)||못 기다린대 못 돼버린 내 맘이|겁 따윈 없는 척하지 마 너 감히|멀어져 넌 가니|어차피 한 입 거리 (Hey)|옳지 착하지 더 이리이리 오렴||네 맘 나 주면 안 잡아먹지 Right now|내 발톱 아래 뭘 숨겼을지 Watch out||우린 더 높이|하늘에 닿을 것처럼 외쳐 너를 깨워|올려 봐 노려봐 넌 내 거니까 다|자꾸 널 보면 탐이 탐이 나||해야 해야 해야|한입에 널 삼킬 때야|(탐이 탐이 나)|해야 해야 해야|이미 내가 이긴 패야|(널 보면 탐이 탐이 나)||해야 해야 해야|뜨겁게 떠오르는 해야|별안간 홀린 그 순간 Bite|단 한 번에 난 널 휘리휘리 Catch ya||휘리휘리 휘리휘리|휘리휘리 휘리휘리||더 붉게 더 밝게|타올라 뜨거워도 좋으니|더 높게 더 높게|숨어도 넌 내 손바닥 안이니||깊은 어둠이 짙은 구름이|또 긴 밤 아래 널 감출 테니|Chew and swallow|Get ready for it  baby|(Listen when I say)||자꾸 널 보면 탐이 탐이 나||해야 해야 해야|한입에 널 삼킬 때야|(탐이 탐이 나)|해야 해야 해야|이미 내가 이긴 패야|(널 보면 탐이 탐이 나)||해야 해야 해야|뜨겁게 떠오르는 해야|별안간 홀린 그 순간 Bite|Da da da dun dun dun
Magnetic - 아일릿(ILLIT),아일릿(ILLIT),댄스,2024.03.25,Baby|I’m just trying to play it cool|But I just can’t hide that|I want you||Wait a minute 이게 뭐지?|내 심장이 lub-dub|자꾸만 뛰어||저 멀리서도 oh my gosh!|끌어당겨 you’re my crush!|초능력처럼||거대한 자석이 된 것만 같아 my heart|네 모든 게 내 맘에 달라붙어버려 boy||We’re magnetized 인정할게|This time I want||You You You You like it’s magnetic|U U U U U U U U super 이끌림|You You You You like it’s magnetic|U U U U U U U U super 이끌림||BAE BAE BAE BAE BAE BAE BAE BAE BAE|Dash-da-da Dash-da-da Dash-da|Like it’s magnetic|BAE BAE BAE BAE BAE BAE BAE BAE BAE|Dash-da-da Dash-da-da|Baby don’t say no||정반대 같아 our type|넌 J 난 완전 P|S와 N 극이지만|그래서 끌리지||내가 만들래 green light|여잔 배짱이지|So let’s go let’s go|Let’s go let’s go||숨기고 싶지 않아 자석 같은 my heart|내 맘의 끌림대로 너를 향해 갈게 boy||We’re magnetized 인정할게|This time I want||You You You You like it’s magnetic|U U U U U U U U super 이끌림|You You You You like it’s magnetic|U U U U U U U U super 이끌림||No push and pull|전속력으로 너에게 갈게|(In a rush in a rush)|Our chemistry|난 과몰입해 지금 순간에|(Baby you’re my crush you’re my crush)||No push and pull|네게 집중 후회는 안 할래|(Gonna dash gonna dash)|Never holding back|직진해 yeah|This time I want||You You You You like it’s magnetic|U U U U U U U U super 이끌림|You You You You like it’s magnetic|U U U U U U U U super 이끌림||BAE BAE BAE BAE BAE BAE BAE BAE BAE|Dash-da-da Dash-da-da Dash-da|Like it’s magnetic|BAE BAE BAE BAE BAE BAE BAE BAE BAE|Dash-da-da Dash-da-da|Baby don’t say no
고민중독 - QWER,QWER,록/메탈,2024.04.01,One! Two! Q! W! E! R!||어떤 인사가 괜찮을까 천 번쯤 상상해 봤어|근데 오늘도 천 번 하고 한 번 더 고민 중||막상 네 앞에 서니 꽁꽁 얼어버렸다|숨겨왔던 나의 맘 절반의 반도 주지를 못했어||아  아  아직은|준비가 안됐다구요|소용돌이쳐 어지럽다구||쏟아지는 맘을 멈출 수가 없을까?|너의 작은 인사 한마디에 요란해져서|네 맘의 비밀번호 눌러 열고 싶지만|너를 고민고민해도 좋은 걸 어쩌니||거울 앞에서 새벽까지 연습한 인사가|손을 들고 웃는 얼굴을 하고서 고개를 숙였다||아  아  아직도 준비가 안됐나 봐요|소용돌이쳐 어지럽다구||쏟아지는 맘을 멈출 수가 없을까?|너의 작은 인사 한마디에 요란해져서|네 맘의 비밀번호 눌러 열고 싶지만|너를 고민고민해도 좋은 걸||이러지도 저러지도 못하는데|속이 왈칵 뒤집히고|이쯤 왔으면 눈치 챙겨야지|날 봐달라구요!||좋아한다 너를 좋아한다 좋아해||너를 많이 많이 좋아한단 말이야|벅차오르다 못해 내 맘이 쿡쿡 아려와|두 번은 말 못 해 너 지금 잘 들어봐|매일 고민하고 연습했던 말|좋아해|
나는 아픈 건 딱 질색이니까 - (여자)아이들,(여자)아이들,댄스,2024.01.29,오늘도 아침엔 입에 빵을 물고|똑같이 하루를 시작하고|온종일 한 손엔 아이스 아메리카노|피곤해 죽겠네||지하철 속 이 장면 어제 꿈에서 봤나|아참 매일이지 지나치고|바쁜 이 삶에 그냥 흔한 날에|그 애를 보고 말야||평온했던 하늘이 무너지고|어둡던 눈앞이 붉어지며|뭔가 잊고 온 게 있는 것 같아|괜히 이상하게 막 울 것만 같고|그냥 지나치는 게 나을 것 같아|나는 생각은 딱 질색이니까||카페인으로 잡은 정신은 빠졌고|하루 종일 신경 쓰여 토할 것 같아|저녁이 돼도 배고픔까지 까먹고|그치 이상하지 근데 말야 있잖아||처음 본 순간 뭐라 할까 그립달까|나도 웃긴데 말야||평온했던 하늘이 무너지고|어둡던 눈앞이 붉어지며|뭔가 잊고 온 게 있는 것 같아|괜히 이상하게 막 울 것만 같고|그냥 지나치는 게 나을 것 같아|나는 생각은 딱 질색이니까||오랫동안 나를 아는|슬픈 표정을 하고 Oh|흔적 없는 기억 밖|혹 과거에 미래에 딴 차원에 세계에|1 2 3 4 5 6 7 8||평온했던 하늘이 무너지고|어둡던 눈앞이 붉어져도|다시 놓쳐버리는 것만 같아|괜히 이상하게 막 울 것만 같고|그냥 지나치는 게 나을 것 같아|나는 생각은 딱 질색이니까||아냐 지나치는 게 나을 것 같아|나는 아픈 건 딱 질색이니까
미안해 미워해 사랑해 - Crush,Crush,발라드/국내드라마,2024.03.24,It's the same day|이렇게 너를|다시 불러보는|잊고 있던 마음들과||이제야 내미는|나의 미련한 진심들|늦어서 미안해||I wish I could  have told you that|I was born to love you|To love you with all my heart|널 향한 심장이 멈춰지지가 않아||Still want you all the time|아직 내 마음속 한켠의 방에|그리움으로 가득 채워|너를 기다려|Need you all the time|아무 말도 전하지 못해|시간속을 헤메이는|나를 미워해||It’s the same night|흐릿한 어느 밤 안개 속에 너를|불러보곤 해 난 또||시간 저편에 빛나던|기억을 떠올려|두 손 꼭 잡았던||I wish I could have told you that|I was made to love you|To love you with all my heart|망설이다 혼자 삼켰던 말 사랑해||Still want you all the time|아직 내 마음속 한켠의 방에|그리움으로 가득 채워|너를 기다려|Need you all the time|미친 듯이 네게 달려가|두 팔 가득 너를 품고||And I want you to know you’re the only reason|that I still breathe that I still live|And to tell you|사랑했던 나의 진심이|사랑받던 모든 기억이|내 모든 이유|유일한 이유|Hmmm
첫 만남은 계획대로 되지 않아 - TWS (투어스),TWS (투어스),댄스,2024.01.22,Ay ay ay ay ay||거울 속에 내 표정 봐 봐|느낌 So good 기다려온 D-day|연습했던 손든 인사도 그대로 하면 돼|Hairstyle check하고 한 번 Turn around||발걸음은 매일 걷던 그 길로|계획은 완벽|빨리 말 걸어보고 싶어  Hey||Woo 문 앞에서 셋을 세어본다  Yeh||(셋  둘  하나)||첫 만남은 너무 어려워|계획대로 되는 게 없어서|첫 만남은 너무 어려워|내 이름은 말야||Hey |안녕  첫 마디를 건넬 때|주변 소린 Canceled|네 말소리는 Playlist||Yeh |질문은 나의 용기  알려줘 너의|“이름이 뭐야?”||너와 내 거리는 세 걸음 남았어  Yeh||(셋  둘  하나)||첫 만남은 너무 어려워|계획대로 되는 게 없어서|첫 만남은 너무 어려워|내 이름은 말야||이 순간  Feels so wonderful|조금은 뚝딱거려도|어색한 인사까지도|너와 나의 첫 만남||우리의 사이 Beautiful|내일도 내일모레도|기억해  영원히 반짝일 순간||Wait wait!||Na na na-||이렇게 만나서 반가워|내일 또 봐 안녕||
천상연 - 이창섭,이창섭,발라드,2024.02.21,아니길 바랬었어|꿈이길 기도했지|너 없는 가슴으로 살아가야 하는 건|내게는 너무 힘겨운걸||그렇게 사랑했던|너무도 소중했던|지난날이 서러워 자꾸 눈물이 흘러|내 삶은 너뿐인데||사랑해 널 잊을 순 없을 거야|미안해 너를 지키지 못한 것을|너의 행복한 모습 나 보기를 원해|부디 새롭게 시작하길 바래||하늘이 우리를 갈라 놓지만|눈물로 너를 보내려고 하지만|너를 얼마나 내가 사랑했는 줄 아니|영원히 너를 지켜보며 살 거야|행복하길 바래||그렇게 사랑했던|너무도 소중했던|지난날이 서러워 자꾸 눈물이 흘러|내 삶은 너뿐인데||사랑해 널 잊을 순 없을 거야|미안해 너를 지키지 못한 것을|너의 행복한 모습 나 보기를 원해|부디 새롭게 시작하길 바래||하늘이 우리를 갈라 놓지만|눈물로 너를 보내려고 하지만|너를 얼마나 내가 사랑했는 줄 아니|영원히 너를 지켜보며 살 거야|행복하길 바래||널 사랑해|미안해 너를 지키지 못한 것을|너의 행복한 모습 나 보기를 원해|부디 새롭게 시작하길 바래||행복하길 바래|
SHEESH - BABYMONSTER,BABYMONSTER,R&B/Soul,2024.04.01,Da la lun dun|Da la lun dun|Da la lun dun||BABY I’mma MONSTER||Mano a mano|I see you in slow mo’|You know you’re in trouble|Ooh hoo hoo hoo||발버둥 쳐봐|어차피 손바닥|위에서 못 나가|You know that||눈을 뜬 순간|피어나|All eyes on me|불을 질러라||Do or die|On my life|Yeah you ain’t seen nothing yet||Got them all going|Sheesh Sheesh|Sheesh Sheesh Sheesh yeah||B.A.B.Y.M.O.N|Sheesh Sheesh|Sheesh Sheesh Sheesh yeah|Got them all going||Yo hold on 쉿|걍 들이부어라 네 달팽이관에|이건 네 귀에 줄 축복|음악에 맞춰 걍 춤 춰||히비리 합 합 boom boom pow|분위기 타올라 너네들 눈 돌아|띵하니 적잖이 충격일 거야||Crown this queen|홈런은 쳤고 내 다음은 위|어중이떠중이 중간 아님|날 보고 닫혔던 입들 say|Sheesh Sheesh Sheesh||You know what it is|I be running this|Pull up in a ghost|Peek a peek a boo hoo|Vroom vroom|너네 심장에 박동이 pump pump pop|Pedal to the metal|Click clack click|Put’em up to the sky|High high high high||눈을 뜬 순간|피어나|All eyes on me|불을 질러라||Do or die|On my life|Yeah you ain’t seen nothing yet||Got them all going|Sheesh Sheesh|Sheesh Sheesh Sheesh yeah||B.A.B.Y.M.O.N|Sheesh Sheesh|Sheesh Sheesh Sheesh yeah|Got them all going||마음껏 웃어봐|이젠 내 차례니까||천천히 불태워 네가 잠든 사이||Time’s up|올라가 올라가 더||꼭대기 꼭대기로|하늘 위 하늘 위로||Fly away|온 세상을 뒤집어|Come on let’s ride||BABY I’mma MONSTER||B A B Y M O N|Tell a friend tell a friend tell a friend|B A B Y M O N|Tell a friend tell a friend tell a friend||Let's go|Jump jump and let it go|Watch out we on a roll|Rum pump pump pump it up then||Jump jump and let it go|Watch out we on a roll|Rum pump pump pump it up then|
소나기 - 이클립스 (ECLIPSE),이클립스 (ECLIPSE),발라드/국내드라마,2024.04.08,그치지 않기를 바랬죠|처음 그대 내게로 오던 그날에|잠시 동안 적시는|그런 비가 아니길|간절히 난 바래왔었죠|그대도 내 맘 아나요|매일 그대만 그려왔던 나를|오늘도 내 맘에 스며들죠|그대는 선물입니다|하늘이 내려준|홀로 선 세상 속에|그댈 지켜줄게요|어느 날 문득|소나기처럼|내린 그대지만|오늘도 불러 봅니다|내겐 소중한 사람|Oh|떨어지는 빗물이|어느새 날 깨우고|그대 생각에 잠겨요|이제는 내게로 와요|언제나처럼 기다리고 있죠|그대 손을 꼭 잡아줄게요|그대는 선물입니다|하늘이 내려준|홀로 선 세상 속에|그댈 지켜줄게요|어느 날 문득|소나기처럼|내린 그대지만|오늘도 불러 봅니다|내겐 소중한 사람|잊고 싶던 아픈 기억들도|빗방울과 함께 흘려보내면 돼요|때로는 지쳐도|하늘이 흐려도|내가 있다는 걸 잊지 말아요|그대는 사랑입니다|하나뿐인 사랑|다시는 그대와 같은|사랑 없을 테니|잊지 않아요|내게 주었던|작은 기억 하나도|오늘도 새겨봅니다|내겐 선물인 그댈|
예뻤어 - DAY6 (데이식스),DAY6 (데이식스),록/메탈,2017.02.06,지금 이 말이|우리가 다시|시작하자는 건 아냐|그저 너의|남아있던 기억들이|떠올랐을 뿐이야|정말 하루도 빠짐없이 너는|사랑한다 말해줬었지|잠들기 전에 또|눈 뜨자마자 말해주던 너|생각이 나 말해보는 거야|예뻤어|날 바라봐 주던 그 눈빛|날 불러주던 그 목소리|다 다|그 모든 게 내겐|예뻤어|더 바랄게 없는듯한 느낌|오직 너만이 주던 순간들|다 다|지났지만|넌 너무 예뻤어|너도 이제는|나와의 기억이|추억이 되었을 거야|너에게는|어떤 말을 해도 다|지나간 일일 거야|정말 한번도 빠짐없이 너는|나를 먼저 생각해줬어|아무 일 아니어도|미안해 고마워 해주던 너|생각이 나 말해보는 거야|예뻤어|날 바라봐 주던 그 눈빛|날 불러주던 그 목소리|다 다|그 모든 게 내겐|예뻤어|더 바랄게 없는듯한 느낌|오직 너만이 주던 순간들|다 다|지났지만|넌 너무 예뻤어|아직도 가끔 네 생각이 나|어렵게 전화를 걸어볼까|생각이 들 때도 많지만|Baby I know it's already over|아무리 원해도 너는 이제|이미 끝나버린 지난날의|한편의 영화였었단 걸|난 알아|마지막|날 바라봐 주던 그 눈빛|잘 지내라던 그 목소리|다 다|그마저도 내겐|예뻤어|내게 보여준 눈물까지|너와 가졌던 순간들은|다 다|지났지만|넌 너무 예뻤어|
밤양갱 - 비비 (BIBI),비비 (BIBI),R&B/Soul,2024.02.13,떠나는 길에 니가 내게 말했지|‘너는 바라는 게 너무나 많아|잠깐이라도 널 안 바라보면|머리에 불이 나버린다니까’|나는 흐르려는 눈물을 참고|하려던 얘길 어렵게 누르고|‘그래 미안해’라는 한 마디로|너랑 나눈 날들 마무리했었지||달디달고 달디달고 달디단 밤양갱 밤양갱|내가 먹고 싶었던 건 달디단 밤양갱 밤양갱이야||떠나는 길에 니가 내게 말했지|‘너는 바라는 게 너무나 많아’|아냐 내가 늘 바란 건 하나야|한 개뿐이야 달디단 밤양갱||달디달고 달디달고 달디단 밤양갱 밤양갱|내가 먹고 싶었던 건 달디단 밤양갱 밤양갱이야||상다리가 부러지고|둘이서 먹다 하나가 쓰러져버려도|나라는 사람을 몰랐던 넌||떠나가다가 돌아서서 말했지|‘너는 바라는 게 너무나 많아’|아냐 내가 늘 바란 건 하나야|한 개뿐이야 달디단 밤양갱
사랑은 늘 도망가 - 임영웅,임영웅,발라드/국내드라마,2021.10.11,눈물이 난다 이 길을 걸으면|그 사람 손길이 자꾸 생각이 난다|붙잡지 못하고 가슴만 떨었지|내 아름답던 사람아|사랑이란 게 참 쓰린 거더라|잡으려 할수록 더 멀어지더라|이별이란 게 참 쉬운 거더라|내 잊지 못할 사람아|사랑아 왜 도망가|수줍은 아이처럼|행여 놓아버릴까 봐|꼭 움켜쥐지만|그리움이 쫓아 사랑은 늘 도망가|잠시 쉬어가면 좋을 텐데|바람이 분다 옷깃을 세워도|차가운 이별의 눈물이 차올라|잊지 못해서 가슴에 사무친|내 소중했던 사람아|사랑아 왜 도망가|수줍은 아이처럼|행여 놓아버릴까 봐|꼭 움켜쥐지만|그리움이 쫓아 사랑은 늘 도망가|잠시 쉬어가면 좋을 텐데|기다림도 애태움도 다 버려야 하는데|무얼 찾아 이 길을 서성일까|무얼 찾아 여기 있나|사랑아 왜 도망가|수줍은 아이처럼|행여 놓아버릴까 봐|꼭 움켜쥐지만|그리움이 쫓아 사랑은 늘 도망가|잠시 쉬어가면 좋을 텐데|잠시 쉬어가면 좋을 텐데|
MAESTRO - 세븐틴 (SEVENTEEN),세븐틴 (SEVENTEEN),댄스,2024.04.29,SEVENTEEN Right here||시작하자 Tuning 맞춰볼까|하나의 음정 기준에 맞춰 Play it|SEVENTEEN의 스케르초|아무래도 조금 특이해도 북을 치고 줄을 튕겨|DAT DA RA DAT DA RA DAT DA RA DA||상관없지 이게 Classic or new thang|또 새로운 조합은 우리 자랑이니까|Beat부터 Melody까지|Mix and match가 특기니까|미쳐야만 정상이 돼|세상을 바꾸는 우리니까||뜨거운 함성 두 배로|서로를 바라본 채로|나팔을 울려 세계로|You & I|You & I||Accelerando|절정으로 올라가자|높은 곳에서 울리는 소나타|마에스트로의 지휘에 맞춰||LALA LALA LALA LALALA|LALA LALA LALA LALALA|LALA LALA LALA LALALA|마에스트로의 지휘에 맞춰||Good vibe 잃지 않고 가 절대|Good life 우리는 세계로|Good vibe 잃지 않고 가 절대|마에스트로의 지휘에 맞춰||리듬을 바꿨다 이렇게|Techno와 조합해 뭐든지 가능해|주문해 만들어 드릴게||이 작품의 완성을 함께할 때|비로소 하나 되는 우릴 보네|복잡한 음정과 리듬에서도|I’ll always be with you||Accelerando|절정으로 올라가자|높은 곳에서 울리는 소나타|마에스트로의 지휘에 맞춰||LALA LALA LALA LALALA|LALA LALA LALA LALALA|LALA LALA LALA LALALA|마에스트로의 지휘에 맞춰||Good vibe 잃지 않고 가 절대|Good life 우리는 세계로|Good vibe 잃지 않고 가 절대|마에스트로의 지휘에 맞춰||리듬은 DAT DA DA RAT DA|Brass는 BA BA BA RAM BA|조화로운 우리 서로를 봐||더 세게 몰아쳐 점점 더 Crescendo|마지막 악장에 템포는 A Tempo|마에스트로의 지휘에 맞춰||마에스트로의 지휘에 맞춰||LALA LALA LALA LALALA|Good vibe 잃지 않고 가 절대|LALA LALA LALA LALALA|Good life 우리는 세계로|LALA LALA LALA LALALA|Good vibe 잃지 않고 가 절대|마에스트로의 지휘에 맞춰||
한 페이지가 될 수 있게 - DAY6 (데이식스),DAY6 (데이식스),록/메탈,2019.07.15,솔직히 말할게|많이 기다려 왔어|너도 그랬을 거라 믿어|오늘이 오길|매일같이 달력을 보면서|솔직히 나에게도|지금 이 순간은|꿈만 같아 너와 함께라|오늘을 위해|꽤 많은 걸 준비해 봤어|All about you and I|다른 건 다 제쳐 두고|Now come with me|Take my hand|아름다운 청춘의 한 장|함께 써내려 가자|너와의 추억들로|가득 채울래|Come on|아무 걱정도 하지는 마|나에게 다 맡겨 봐|지금 이 순간이|다시 넘겨볼 수 있는|한 페이지가 될 수 있게|This is our page|Our page|솔직히 말할게|지금이 오기까지|마냥 순탄하진 않았지|오늘이 오길|나도 목 빠져라 기다렸어|솔직히 나보다도|네가 몇 배는 더|힘들었을 거라고 믿어|오늘을 위해|그저 견뎌줘서 고마워|All about you and I|다른 건 다 제쳐 두고|Now come with me|Take my hand|아름다운 청춘의 한 장|함께 써내려 가자|너와의 추억들로|가득 채울래|Come on|아무 걱정도 하지는 마|나에게 다 맡겨 봐|지금 이 순간이|다시 넘겨볼 수 있는|한 페이지가 될 수 있게|Want you to|Come on out and have fun|Want us to|Have the time of our life|Oh|너와의 추억들로|가득 채울래|Come on|아무 걱정도 하지는 마|나에게 다 맡겨 봐|지금 이 순간이|다시 넘겨볼 수 있는|한 페이지가 될 수 있게|This is our page|Our page|
Love wins all - 아이유,아이유,발라드,2024.01.24,Dearest  Darling  My universe|날 데려가 줄래?|나의 이 가난한 상상력으론|떠올릴 수 없는 곳으로||저기 멀리 from Earth to Mars|꼭 같이 가줄래?|그곳이 어디든  오랜 외로움|그 반대말을 찾아서||어떤 실수로|이토록 우리는|함께일까||세상에게서 도망쳐 Run on|나와 저 끝까지 가줘 My lover|나쁜 결말일까 길 잃은 우리 둘 um||부서지도록 나를 꼭 안아|더 사랑히 내게 입 맞춰 Lover|Love is all Love is all|Love Love Love Love||결국  그럼에도 |어째서 우리는|서로일까||세상에게서 도망쳐 Run on|나와 저 끝까지 가줘 My lover|나쁜 결말일까 길 잃은 우리 둘 um||찬찬히 너를 두 눈에 담아|한 번 더 편안히 웃어주렴||유영하듯 떠오른|그날 그 밤처럼 |나와 함께 겁 없이|저물어줄래?||산산히 나를 더 망쳐 Ruiner|너와 슬퍼지고 싶어 My lover||필연에게서 도망쳐 Run on|나와 저 끝까지 가줘 My lover|일부러 나란히 길 잃은 우리 두 사람||부서지도록 나를 꼭 안아|더 사랑히 내게 입 맞춰 Lover|Our Love wins all Love wins all|Love Love Love Love
온기 - 임영웅,임영웅,발라드,2024.05.06,아무도 모를 거야|말한 적 없을 테니|아이처럼 울고 싶은 순간들|어른이란 말은 참 그댈 힘들게 하죠|더 외롭게 만들어||힘겨운 걸음으로 먼 길을 걸었는데|가고 싶은 곳은 어디였는지|어둡고 깊은 곳에 웅크려 앉은 그댈|난 떠나지 않겠어요||아무리 먼 길을 떠났어도|아무리 긴 시간이 흘러도|이 길 끝에 떠오르는 태양을 만날 때까지|난 곁에 있겠어요||힘겨운 걸음으로 먼 길을 걸었는데|가고 싶은 곳은 어디였는지|세상이 지독하게 그댈 혼자 둘 때엔|단 하나만 기억해요||아무리 먼 길을 떠났어도|아무리 긴 시간이 흘러도|이 길 끝에 떠오르는 태양을 만날 때까지|난 곁에 있어요||(I will be with you) 혼자인 것 같아|(I can be your only one) 그 어둠 속에 단 한 번의 용기  단 한 사람의 온기|(Wanna be Warm) 그 작은 시작이 돼 줄 수 있어(in your life)||또다시 먼 길을 떠나도|한 번 더 긴 시간이 가도|이 길 끝에 떠오르는 태양을 만날 때까지|난 곁에 있겠어요|나 곁에 있어요|
우리들의 블루스 - 임영웅,임영웅,발라드,2022.05.02,잊지는 말아요 함께 했던 날들|눈물이 날 때면|그대 뒤를 돌아보면 돼요|아프지 말아요 쓸쓸한 마음에|힘든 일이 참 많았죠 그대에겐|내가 곁에 있을게요|그댈 위해 노래할게요|잊지 말아요|그댈 위해 약속할게요|언젠가 우리 시간 지나면|알게 되겠죠|그땐 웃을 수 있죠 나 약속할게요|그땐 미소 짓겠죠|작은 행복까지 모두|외롭고 지칠 때 손잡아 줄게요|슬픔이 짙어질 때면 위로해 줄|그 한 사람이 될게요|그대 부디 울지 말아요|슬퍼 말아요|그대에게 빛이 될게요|언젠가 우리 시간 지나면|알게 되겠죠|그땐 웃을 수 있죠 나 약속할게요|폭풍 속에 혼자 남아 헤매도 오|길이 되어 지킬게요 그대|그댈 위해 노래할게요|잊지 말아요|그댈 위해 약속할게요|어두운 길을 밝게 비추는|그대의 빛이 될게요|
모래 알갱이 - 임영웅,임영웅,발라드,2023.06.05,나는 작은 바람에도 흩어질|나는 가벼운 모래 알갱이|그대 이 모래에 작은 발걸음을 내어요|깊게 패이지 않을 만큼 가볍게|나는 작은 바람에도 흩어질|나는 가벼운 모래 알갱이|그대 이 모래에 작은 발자국을 내어요|깊게 패이지 않을 만큼 가볍게|그대 바람이 불거든|그 바람에 실려 홀연히 따라 걸어가요|그대 파도가 치거든|저 파도에 홀연히 흘러가리|그래요 그대여 내 맘에|언제라도 그런 발자국을 내어줘요|그렇게 편한 숨을 쉬듯이|언제든 내 곁에 쉬어가요|그대 바람이 불거든|그 바람에 실려 홀연히 따라 걸어가요|그대 파도가 치거든|저 파도에 홀연히 흘러가리|그래요 그대여 내 맘에|언제라도 그런 발자국을 내어줘요|그렇게 편한 숨을 쉬듯이|언제든 내 곁에 쉬어가요|언제든 내 맘에 쉬어가요|
Home - 임영웅,임영웅,댄스,2024.05.06,쓸쓸한 거리에|외로움이 더 쌓이고|사람도 이 밤도|사랑 찾아 헤매이네||그대 마음이 허전하다면|밤 하늘의 별을 보며 날 떠올려요|난 곁에 있어||그댄 나의 친구야|비 오는 날 우산이 되어줘|해가 뜨는 날에는 널 지켜줄게|When I Go! Shining Star|And I Go! Don't stop baby|평생 너와 함께 하리라||쓸쓸한 거리에|외로움이 더 쌓이고|사람도 이 밤도|사랑 찾아 헤매이네||그대 마음이 지쳐있다면|단 하루도 울지 말고 날 떠올려요|난 곁에 있어||그댄 나의 친구야|비 오는 날 우산이 되어줘|해가 뜨는 날에는 널 지켜줄게|When I Go! Shining Star|And I Go! Don't stop baby|평생 너와 함께 하리라||When you feel so alone|Remember that I’m with you|너와 함께라면 어디든 내가 갈게|어디든 다 갈게||그댄 나의 친구야|비 오는 날 우산이 되어줘|해가 뜨는 날에는 널 지켜줄게|When I Go! Shining star|And I Go! Don't stop baby|평생 너와 함께 하리라||
다시 만날 수 있을까 - 임영웅,임영웅,발라드,2022.05.02,너를 위해 해 줄 것이 하나 없어서|보낼 수밖에 없었고|네가 없이 사는 법을 알지 못해서|순간순간을 울었다|후회로 가득한 한숨 자락이|시린 바람처럼|가슴 치는 날 그 언젠가|우리 만날 수 있을까|다시 만날 수 있을까|그리 좋던 예전처럼 그때처럼|되돌아갈 수 있을까|다시 우리가 만나면|무엇을 해야만 할까|서로를 품에 안고서|하염없이 눈물만 흘려볼까|붙잡을 마음이야 없었겠냐마는|그때 난 부끄러웠다|떳떳하게 일어나 널 다시 찾아갈|뜨거운 꿈만 꾸었다|둘이 함께 했던 순간순간이|시린 폭포처럼|쏟아지는 날 그 언젠가|우리 만날 수 있을까|다시 만날 수 있을까|그리 좋던 예전처럼 그때처럼|되돌아갈 수 있을까|다시 우리가 만나면|무엇을 해야만 할까|서로를 품에 안고서|하염없이 눈물만 흘려볼까|그리운 마음이 서럽게 흘러넘쳐|너에게 닿을 때|우리 만날 수 있을까|다시 만날 수 있을까|그리 좋던 예전처럼 그때처럼|되돌아갈 수 있을까|다시 우리가 만나면|무엇을 해야만 할까|서로를 품에 안고서|하염없이 눈물만 흘려볼까|
비의 랩소디 - 임재현,임재현,발라드,2023.12.03,이젠 눈물 그쳐 나를 봐요|우는 그대 더 아름다워|내게 이 모습조차 더 남지 않도록|그냥 고개 돌려요|그저 미안한 마음뿐이죠|그댈 위해 해줄 게 없어|모두 이해할게요 그댈 아끼는 맘|그분들도 같을 거란 걸||한참 동안을 비틀거렸죠|그댈 사랑했던 그만큼|떠나가요 아주 먼 곳으로|그대 소식 내게 올 수 없을 그만큼|다 잊어요 내겐 마지막이 될|사람도 모두 다 버려두고 갈게요||나를 위해 많이 애썼단 걸|알고 있죠 난 감사해요|허나 이룰 수 없는 건 어쩔 수 없죠|내가 용기 낼게요 이젠|죽는 날까지 사랑한대도|가질 수 없는 그대인걸||떠나가요 아주 먼 곳으로|그대 소식 내게 올 수 없을 그만큼|다 잊어요 내겐 마지막이 될|사람도 모두 다 버려두고 갈게요||떠나가요 아주 먼 곳으로|그대 소식 내게 올 수 없을 그만큼|혹시라도 내가 그리울 때면|세상에 내가 없다고 믿어요
Do or Die - 임영웅,임영웅,댄스,2023.10.09,함성이 번져 숨이 차올라|이 밤의 주인공 쏟아진 Spotlight|멈추지 마라 힘껏 외쳐봐|우리 오늘 후회 없도록|더 두려울 것이 없어 타오르는 너의 heart beat|모두가 함께 미쳐 하늘로 높이 뛰어|열정을 채워줄게 날 따라 함께하게|Let’s Go  Go Baby|나만 믿고 따라와 따라와|너를 위해 난 노래할 거야|심장소리 난리 나 난리 나|Put your hands up in the air|Just raise your hands|미쳐 이 순간|Tonight It's Do or Die|Tonight It's Do or Die|세상을 뒤흔들어 봐  뛰어봐|Move your body like It's Do or Die|Woah|Woah|Like It's Do or Die|Woah|Woah|Like It's Do or Die|나사 하나 빠진 것처럼 막|향기에 취해버린 것처럼 now|오직 너만의 영웅이 되어|모든 걱정을 다 막아줄게|오늘 밤 우린 Party Time|분위기를 전부 휘어잡아|맘이 시키는 그대로 춤춰|나만 믿고 따라와 따라와|너를 위해 난 노래할 거야|심장소리 난리 나 난리 나|Put your hands up in the air|[Hook]|Just raise your hands|미쳐 이 순간|Tonight It's Do or Die|Tonight It's Do or Die|세상을 뒤흔들어 봐  뛰어봐|Move your body like It's Do or Die|Woah|Woah|Like It's Do or Die|Woah|Woah|Like It's Do or Die|가슴 벅찬 이 순간 (Right Now)|Let's turn up|Let's get loud|기억해 오늘 너와 나 (You and I)|Let's get loud|Just raise your hands|미쳐 이 순간|Tonight Let’s Do or Die|Tonight Let’s Do or Die|세상을 뒤흔들어 봐  뛰어봐|Move your body like It's do or die|Woah|Woah|Like It's Do or Die|Woah|Woah
이제 나만 믿어요 - 임영웅,임영웅,성인가요/트로트,2020.04.03,무얼 믿은 걸까 부족했던 내게서|나조차 못 믿던 내게 여태 머문 사람|무얼 봤던 걸까 가진 것도 없던 내게|무작정 내 손을 잡아 날 이끈 사람|최고였어|그대 눈 속에 비친 내 모습|이제는 내게서 그댈 비춰줄게|궂은 비가 오면|세상 가장 큰 그대 우산이 될게|그댄 편히 걸어가요|걷다가 지치면|내가 그대를 안고 어디든 갈게|이제 나만 믿어요|나만 두고 가던|나만 스쳐 간 행운이 모여|그대가 되어서 내게 와준 거야|궂은 비가 오면|세상 가장 큰 그대 우산이 될게|그댄 편히 걸어가요|걷다가 지치면|내가 그대를 안고 어디든 갈게|이제 나만 믿어요|나의 마지막 주인공이 되어|다신 누구 앞에서도|그대는 고개 숙이지 마요|내가 보지 못했던 홀로 고단했던 시간|고맙고 미안해요 사랑해요|이 세상은|우리를 두고 오랜 장난을 했고|우린 속지 않은 거야|이제 울지 마요|좋을 땐 밤새도록 맘껏 웃어요|전부 그대 꺼니까|그대는 걱정 말아요|이제 나만 믿어요|
무지개 - 임영웅,임영웅,록/메탈,2022.05.02,오늘 하루 어땠었나요|많이 힘들었나요|쉬지 않고 달려왔던 길에서|나와 함께 쉬어가요|그냥 아무런 준비도 없이|떠나볼까요|평범해도 좋으니까|우리 함께 가요|Du Du Du Du Du|행복 가득 담은 배낭 하나 메고서|답답했던 일상과 도심을 벗어나|Du Du Du Du|Du Du Du Du|떠나볼래요|힘껏 살다 보니 무뎌져|헝클어진 머리도|괜찮다며 그댈 안아줄 사람|바로 그대 곁에 있죠|까만 선글라스 하나 챙겨서|떠나볼까요|평범해도 좋으니까|우리 함께 가요|Du Du Du Du Du|행복 가득 담은 배낭 하나 메고서|답답했던 일상과 도심을 벗어나|Du Du Du Du|Du Du Du Du|떠나볼래요|우리 함께 가요|Du Du Du Du Du|행복 가득 담은 배낭 하나 메고서|답답했던 일상과 도심을 벗어나|Du Du Du Du|Du Du Du Du|떠나볼래요|우리 함께 가요|Du Du Du Du Du|Du Du Du Du|Du Du Du Du|떠나볼래요|Du Du Du Du|Du Du Du Du|떠나볼래요|Du Du Du Du|Du Du Du Du|지금 떠나요|
London Boy - 임영웅,임영웅,록/메탈,2022.11.15,꿈에 그리던 그곳 난 여기 있어|저 푸른 바다 위로 널 닮은 하늘|I’m in London oh |I’m in London  yeah|드넓은 공원 안에 널 담은 향기|가는 모든 곳마다 난 네가 보여|I’m in London |yeah  I’m in London  oh|나지막한 소리가 들려와|수많은 별들 사이 너에게|Baby baby baby my baby|세상 누구보다 널 사랑해|모든 힘 다해 너를 불러|Hold me tight baby |you’re my everything|널 만나고 난 변했어|세상 누구보다 널 사랑해|모든 힘 다해 너를 불러|I’m London  London Boy|Oh oh no no no|London Boy yeah|셰익스피어  처칠  비틀즈  숀 코네리|해리포터  데이비드 베컴 모든 게 있어|Baby You are my London Girl|행복은 너와 함께 즐기는 거야|내 모든 걸 다 줘도 아깝지 않아|너는 내게  Oh|그런 사람  Oh|나지막한 소리가 들려와|수많은 별들 사이 너에게|Baby baby baby my baby|세상 누구보다 널 사랑해|모든 힘 다해 너를 불러|Hold me tight baby |you’re my everything|널 만나고 난 변했어|세상 누구보다 널 사랑해|모든 힘 다해 너를 불러|I’m London  London Boy|널 만나고 내가 변했다|Oh  I’m London Boy|Baby baby baby my baby|세상 누구보다 널 사랑해|모든 힘 다해 너를 불러|Hold me tight baby |you’re my everything|널 만나고 난 변했어|세상 누구보다 널 사랑해|모든 힘 다해 너를 불러|I’m London  London Boy|La la la la la la la la|La la la la la la la la|La la la la la la la la|I’m London  London Boy|La la la la la la la la|La la la la la la la la|La la la la la la la la|London Boy|London Boy|London Boy
Polaroid - 임영웅,임영웅,록/메탈,2022.11.15,별들이 짙던 밤 하늘에 약속한 고백|아직도 맘에|당연하듯 남아 있어요|어제 일같이 선명하네요|가슴 저리는 게 사랑이 아니라|그 누가 뭐라던가  오|심장이 뛰는데 아프게 뛰는데|이게 사랑인 거야|운명 같은 밤 너를 만나|영원하자고 외쳤던 그 밤|네가 날 잊어도|난 널 꺼내 볼 테니까 언제나|내 맘속 사진첩 한 켠엔 그대가 있지|참 행복했지 때론 아픈 날이 있어도|버릴 수 없는 추억이 됐지|가슴 저리는 게 사랑이 아니라|그 누가 뭐라던가  오|심장이 뛰는데 아프게 뛰는데|이게 사랑인 거야|운명 같은 밤 너를 만나|영원하자고 외쳤던 그 밤|네가 날 잊어도|난 널 꺼내 볼 테니까 언제나|우~ 예~|우~|네가 날 잊어도|난 널 꺼내 볼 테니까 언제나|한 장씩 널 기억하며 보낼게|우리 모든 순간 가슴 떨리던 날|모든 날이 따스하게 감싸준|널 사랑했다|운명 같은 밤 너를 만나|셀 수 없이 많은 날 함께 했지|사랑했어요 아주 많이|사진첩 속의 그대여|영원히 기억할게 시간이 지나도|언제나|
에피소드 - 이무진,이무진,록/메탈,2023.12.13,나는 말야|버릇이 하나|있어 그건 매일 잠에 들 시간마다|잘 모아둔 기억 조각들 중|잡히는 걸 집은 후|혼자 조용히 꼬꼬무||이걸 난|궁상이란|이름으로 지었어 고민 고민하다가|아무튼 뭐 오늘은 하필이면|너가 스쳐버려서|우리였을 때로|우리 정말 좋았던 그때로||우리의 에피소드가|찬란하게 막을 연다|배경은 너의 집 앞|첫 데이트가 끝난|둘만의 에피소드가|참 예쁜 얘기로 시작|자작자작 조심스런 대화|그새 늦은 시간||굿바이|좋은 뜻일 뿐인 굿바이|With a happy smile|이게 이 스토리의 서막|눈 내리던 그 밤|겨울 향이 배어서|더 눈부신|우리의 에피소드다||매일이 마지막인 듯이|함께라면 어디든지|사랑이란 걸 끝도 없이|주고받고 나눴어 그치?|서로만 있음 마음이|시릴 날이 없던 우리|넌 오아시스 내겐 마치||근데 있잖아|별 소용없다?|생각만 해도 행복한 순간들은 말야|모른 척해도 결국엔 이건|끝을 봤던 에피소드|점점 점점 점점||우리의 에피소드가|결말에 가까워져가|곧 새드 엔딩이다|크레딧엔 너와 나|둘만의 에피소드가|참 쓸쓸한 끝을 맞아|두 주인공의 서글픈 마지막|결국 건넨 인사||굿바이|너무 아픈 이별의 굿바이|눈물이 뺨을 스쳐|도착한 입가엔 미소|애써 웃고 있어|우린 서로를 보며|첨 같던 미소로 안녕|웃으며 안녕||눈 뜨면 에필로그다|침대에 기대어 혼자|펑펑 울고 있는 나|이 궁상 밖의 난|둘만의 에피소드완|전혀 다른 모습 난 그날|돌아서지 말았어야 했다|널 안았어야 했다||그 밤|눈꽃이 널 덮은 그 밤의|향을 잊음과|함께 잃었던 따스함|춥게 눈을 뜬다|겨울밤이 되어서|맞이한 향이|우리의 에피소드다
인생찬가 - 임영웅,임영웅,발라드,2022.05.02,꿈처럼 지나간 시간|나는 무얼 찾고 싶었나|지도도 없이 걸어온 삶을|후회하진 않으리|떠난 어제는 떠날 오늘로|남겨지기도 하지|나의 친구여 나의 형제여|내 이름 불러주오|미안하다 나의 인생아|앞만 보며 살아왔구나|찬란한 순간이여 영원하라|내일은 처음 가는 길|언제나처럼 또 두려워|버들강아지 활짝 웃는 날|후회하지 않으리|비가 내리면 노래하리|눈이 내려도 좋아|나의 친구여 나의 형제여|내 이름 불러 주오|미안하다 나의 인생아|앞만 보며 살아왔구나|찬란한 순간이여 영원하라|영원한 순간이여 찬란하라|
To. X - 태연 (TAEYEON),태연 (TAEYEON),R&B/Soul,2023.11.27,처음 본 널 기억해|We skipped the small talk|바로 다음 단계였지 뭐|단점이라곤 없는 게 단점이라던|그 허세도 마냥 좋았어||하지만 내 일기가|재미없어진 이유|내가 없어진 나의|매일들은 허전해||좀 이상해 왜 둘 사이에|너만 너만 보이는 걸까|난 까다롭고 힘든 아이라|그런 피곤한 생각만 한대||오늘 나눈 문자 속에|새로 산 티셔츠|그 얘기뿐이야|이제야 난 알 것 같아|Gonna block you|불을 꺼 To. X||그 좋아했던 립스틱|싫단 말에 버린|널 좋아했던 만큼|다 맞추려 했어||‘나 아님 누가|그런 세상 안아주겠어’|그 말이 그땐 그리|달콤했던 거야 Oh no||새벽의 긴 통화도|이젠 피곤해졌어|Every day  every night|나로 채우고 싶어||좀 이상해 왜 둘 사이에|너만 너만 보이는 걸까|난 까다롭고 힘든 아이라|그런 피곤한 생각만 한대||오늘 나눈 문자 속에|새로 산 티셔츠|그 얘기뿐이야|이제야 난 알 것 같아|Gonna block you|불을 꺼 To. X||Gonna block you|불을 꺼 To. X||Say Bye|Gonna block you|불을 꺼 To. X||깜빡거리는|흔들거리는 Light|Gonna block you|불을 꺼 To. X||좀 이상해 왜 둘 사이에|너만 너만 보이는 걸까|(너만 보일까)|난 까다롭고 힘든 아이라|그런 피곤한 생각만 한대||오늘 나눈 문자 속에|(이제 불을 꺼)|새로 산 티셔츠|그 얘기뿐이야|이제야 난 알 것 같아|Gonna block you|불을 꺼 To. X||Gonna block you|불을 꺼 To. X
그대만 있다면 (여름날 우리 X 너드커넥션 (Nerd Connection)) - 너드커넥션 (Nerd Connection),너드커넥션 (Nerd Connection),발라드,2023.08.15,날 사랑해서 떠난다며|눈물짓던 그대의 말을 믿을 수 없죠|하지만 나의 전부였던|그대가 힘들어하기에 잡을 수 없었죠||온통 너와의 기억뿐인|나를 위해서였다면|조금씩 무너져가는 날|날 위한다면||이대로 내 곁에 있어야 해요|나를 떠나면 안 돼요|세상의 모든 걸 잃어도 괜찮아요|그대만 있다면 그대만 있다면||함께 웃던 시간들을|함께했던 약속들을|지금 또 영원히 기억하겠어요|다시 한번 생각해요|무엇이 날 위한 건지|그대는 알고 있어요||영원히 내 곁을 지켜주세요|나를 떠나지 말아요|세상의 모든 걸 잃어도 난 좋아요|그대만 있다면 그대만 있다면||온통 그대의 생각뿐인|나를 위해서였다면|초라하게 쓰러지는 날|날 위한다면||이대로 내 곁에 있어야 해요|나를 떠나면 안 돼요|세상의 모든 걸 잃어도 괜찮아요|그대만 있다면 그대만 있다면||영원히 내 곁을 지켜주세요|나를 떠나지 말아요|세상의 모든 걸 잃어도 난 좋아요|그대만 있다면 그대만 있다면
EASY - LE SSERAFIM (르세라핌),LE SSERAFIM (르세라핌),랩/힙합,2024.02.19,|다친대도 길을 걸어 kiss me|쉽지 않음 내가 쉽게 easy|Stage 위엔 불이 튀어  내 body|Pull up and I rip it up like ballet||Damn  I really make it look easy|Yuh know that I make it look easy||Clap your hands  너도 나와 같다면 clap your hands now|의구심 따윈 그냥 치워  그냥 말해 “I’m the real one”||조명 꺼진 뒤의 난 wander in the night|Don’t know what is right  don’t know ‘bout my rights|시기심  의심  불신  이젠 friends of me  yuh|세상에게 난 반쪽짜리 seraphim  yuh||Uhm I’ve been tryin’ so long to show you show you show you|I’m the one that you need||다친대도 길을 걸어 kiss me|쉽지 않음 내가 쉽게 easy|Stage 위엔 불이 튀어  내 body|Pull up and I rip it up like ballet||Damn  I really make it look easy|Yuh know that I make it look easy||Yah know that I make it look easy|수면 위의 백조가 돼 whippin’|때론 풀려  나의 다리 but I keep it|Get  set  go  come and see me  I’m the FEARLESS||나의 발걸음은 매 순간 history  이건 my way|영웅처럼 걸어 even if I am not flawless|편하게만 왔다고?|날 몰라봤다면 you have to know||Uhm I’ve been tryin’ so long to show you show you show you|I’m the one that you need||다친대도 길을 걸어 kiss me|쉽지 않음 내가 쉽게 easy||Stage 위엔 불이 튀어  내 body|Pull up and I rip it up like ballet||Damn  I really make it look easy|Yuh know that I make it look easy||
연애편지 - 임영웅,임영웅,포크/블루스,2022.05.02,노을에 물든 저녁 하늘이|오랜만에 참 좋은 저녁입니다|문득 떠오른 그대 생각에|나지막이 이름을 불러봅니다|나도 몰래 꺼내 본 낡은 수첩엔|그대가 너무도 많아|차마 그립단 말 대신|꽃잎을 넣어 보내며|하얀 종이에 하지 못한 말|아직 그댄 내 고운 사랑입니다|외로이 스쳐 창을 흔드는|바람 소리 쓸쓸한 시간입니다|어둠 만들고 초를 태우며|나지막이 그대를 불러봅니다|나도 몰래 꺼내 본 낡은 사진엔|그대가 너무도 많아|차마 그립단 말 대신|바라본 밤하늘에는|아스라이 먼 작은 별 하나|외로이 홀로 남아 깜박입니다|그대를 닮은 작은 별 하나|외로이 홀로 남아 깜박입니다|그대 고운 이름은 사랑입니다|
Hype Boy - NewJeans,NewJeans,댄스,2022.08.01,(1 2 3 4)|Baby  got me looking so crazy|빠져버리는 daydream|Got me feeling you|너도 말해줄래||누가 내게 뭐라든|남들과는 달라 넌|Maybe you could be the one||날 믿어봐 한번|I’m not looking for just fun|Maybe I could be the one||Oh baby|예민하대 나 lately|너 없이는 매일 매일이 yeah|재미없어 어쩌지||I just want you|Call my phone right now|I just wanna hear you’re mine||‘Cause I know what you like boy|You’re my chemical hype boy|내 지난날들은|눈 뜨면 잊는 꿈|Hype boy 너만 원해|Hype boy 내가 전해||And we can go high|말해봐 yeah|느껴봐 mm mm|Take him to the sky|You know I hype you boy||눈을 감아|말해봐 yeah|느껴봐 mm mm|Take him to the sky|You know I hype you boy||잠에 들려고 잠에 들려 해도|네 생각에 또 새벽 세 시 uh-oh|알려줄 거야 they can’t have you no more|봐봐 여기 내 이름 써있다고|누가 내게 뭐라든|남들과는 달라 넌|Maybe you could be the one||날 믿어봐 한번|I’m not looking for just fun|Maybe I could be the one||Oh baby|예민하대 나 lately|너 없이는 매일 매일이 yeah|재미없어 어쩌지||I just want you|Call my phone right now|I just wanna hear you’re mine||‘Cause I know what you like boy|You’re my chemical hype boy|내 지난날들은|눈 뜨면 잊는 꿈|Hype boy 너만 원해|Hype boy 내가 전해||And we can go high|말해봐 yeah|느껴봐 mm mm|Take him to the sky|You know I hype you boy||눈을 감아|말해봐 yeah|느껴봐 mm mm|Take him to the sky|You know I hype you boy|
Smart - LE SSERAFIM (르세라핌),LE SSERAFIM (르세라핌),R&B/Soul,2024.02.19,"|I’m a smarter baby  smarter|Smarter baby  smarter|하날 보면 열까지|간파해서 돌파하지||Wanna be a winner|Wanna be a winner|계획대로 돼가지|난 나비가 될 애송이||원하는 건 승리란 놈|I call it “sugar”|Plan대로라면 놓칠 리가 없지|내 sugar  sugar||누군 말해  내가 mean-mean-mean-mean-mean|신경 안 써 쉿 쉿 쉿 쉿 쉿|내 패배 위에 필 아름다움 대신|더 강한 이름 ""villain""을 택했지||So 그게 바로 me-me-me-me-me|내겐 보여  see-see-see-see-see|르세라핌 날 이끌어 to victory||I’m a smarter baby  smarter|Smarter baby  smarter|하날 보면 열까지|간파해서 돌파하지||Wanna be a winner|Wanna be a winner|계획대로 돼가지|난 나비가 될 애송이|I’m a smarter baby||Work hard in secret|아귀가 착착 맞게|I planned that  don’t be mad||Plan대로라면 난 될 수가 없지|그 loser  loser||누군 말해  내가 mean-mean-mean-mean-mean|신경 안 써 쉿 쉿 쉿 쉿 쉿|내 패배 위에 필 아름다움 대신|더 강한 이름 ""villain""을 택했지||So I just wanna be me-me-me-me|내겐 보여  see-see-see-see-see|르세라핌 날 이끌어 to victory||I’m a smarter baby  smarter|Smarter baby  smarter|하날 보면 열까지|간파해서 돌파하지||Wanna be a winner|Wanna be a winner|계획대로 돼가지|난 나비가 될 애송이|I’m a smarter baby||내 시계는 tick-tock|필요했던 shortcut|찾아내고 난 잡았지  huh||누구는 말해  “that’s all luck”|난 말해  “no  it’s not luck""|내 땀은 not lying  lying||Don’t slow down  이 삶은 superfast|Best scheme  내 머릿속에|갓생  난 준비를 끝냈어||Dinner of the winner |That is what I want to get||I’m a smarter baby  smarter|Smarter baby  smarter|하날 보면 열까지|간파해서 돌파하지||Wanna be a winner|Wanna be a winner|계획대로 돼가지|난 나비가 될 애송이|I’m a smarter baby||"
Welcome to the Show - DAY6 (데이식스),DAY6 (데이식스),록/메탈,2024.03.18,이젠 혼자가 아닐 무대|너무나 감격스러워|끝없는 가능성 중에|날 골라줘서 고마워||나와 맞이하는 미래가|위태로울지도 몰라|하지만 눈물 가득한|감동이 있을지도 몰라||그래도|내 손|놓지 않겠다면|If so|Then let's go|Welcome to the show||Oh||이것만큼은 맹세할게|내 전부를 다 바칠게|네 눈빛 흔들리지 않게|널 바라보며 서 있을게||알아 너의 결정이|쉽지 않았을 거야|후회 없게 하는 건|이제 나의 몫이야||끝까지|같이|함께 가겠다면|If so|Then let's go|Welcome to the show||Oh||이것만큼은 맹세할게|내 전부를 다 바칠게|네 눈빛 흔들리지 않게|널 바라보며 서 있을게||막이 내릴 그날에도|그때도 네 손 꼭 잡은 채||너라서 행복했다고|서로가 말할 수 있도록||이것만큼은 맹세할게|내 전부를 다 바칠게|네 눈빛 흔들리지 않게|널 바라보며 서 있을게||Oh|Oh
헤어지자 말해요 - 박재정,박재정,발라드,2023.04.20,헤어지자고 말하려 오늘|너에게 가다가 우리 추억 생각해 봤어|처음 본 네 얼굴|마주친 눈동자|가까스로 본 너의 그 미소들|손을 잡고 늘 걷던 거리에|첫눈을 보다가 문득 고백했던 그 순간|가보고 싶었던 식당|난생처음 준비한 선물|고맙다는 너의 그 눈물들이|바뀔까 봐 두려워|그대 먼저 헤어지자 말해요|나는 사실 그대에게 좋은 사람이 아녜요|그대 이제 날 떠난다 말해요|잠시라도 이 행복을 느껴서 고마웠다고|시간이 지나고 나면 나는|어쩔 수 없을 걸 문득 너의 사진 보겠지|새로 사귄 친구 함께|웃음 띤 네 얼굴 보면|말할 수 없을 묘한 감정들이|힘들단 걸 알지만|그대 먼저 헤어지자 말해요|나는 사실 그대에게 좋은 사람이 아녜요|그대 이제 날 떠난다 말해요|잠시라도 이 행복을 느껴서 고마웠다고|한 번은 널 볼 수 있을까|이기적인 거 나도 잘 알아|그땐 그럴 수밖에 없던|어린 내게 한 번만 더 기회를 주길|그댈 정말 사랑했다 말해요|나는 사실 그대에게|좋은 사람이 되고 싶었어|영영 다신 못 본다 해도|그댈 위한 이 노래가|당신을 영원히 사랑할 테니|
Seven (feat. Latto) - Clean Ver. - 정국,정국,댄스,2023.07.14,Weight of the world on your shoulders|I kiss your waist and ease your mind|I must be favored to know ya|I take my hands and trace your lines||It’s the way that we can ride|It’s the way that we can ride|Think I met you in another life|So break me off another time||You wrap around me|and you give me life|And that’s why night after night|I’ll be lovin’ you right||Monday Tuesday Wednesday|Thursday Friday Saturday Sunday|Monday Tuesday Wednesday|Thursday Friday|Seven days a week|Every hour every minute every second|You know night after night|I’ll be lovin’ you right|Seven days a week|||You love when I jump right in|All of me I’m offering|Show you what devotion is|Deeper than the ocean is|Wind it back I’ll take it slow|Leave you with that afterglow|Show you what devotion is|Deeper than the ocean is||It’s the way that we can ride|It’s the way that we can ride|Think I met you in another life|So break me off another time||You wrap around me|and you give me life|And that’s why night after night|I’ll be lovin’ you right||Monday Tuesday Wednesday|Thursday Friday Saturday Sunday|Monday Tuesday Wednesday|Thursday Friday|Seven days a week|Every hour every minute every second|You know night after night|I’ll be lovin’ you right|Seven days a week||Monday Tuesday Wednesday|Thursday Friday Saturday Sunday|Monday Tuesday Wednesday|Thursday Friday|Seven days a week|Every hour every minute every second|You know night after night|I’ll be lovin’ you right|Seven days a week||Tightly take control|Tightly take his soul|Take your phone|and put it in the camera roll|Leave them clothes at the door|What you waiting for |better come and hit ya goals|He jump in it both feet|Going to the sun-up |we ain’t getting no sleep|Seven days a week |seven different sheets  seven different angles|I can be your fantasy||Open up say ahhh|Come here baby|let me swallow your pride|What you on I can match your vibe|Hit me up and I’mma Cha Cha Slide||You make Mondays feel like weekends|I make him never think about cheatin’|Got you skipping work and meetings |let’s sleep in||Seven days a week|Monday Tuesday Wednesday|Thursday Friday Saturday Sunday|Monday Tuesday Wednesday|Thursday Friday|Seven days a week|Every hour every minute every second|You know night after night|I’ll be lovin’ you right|Seven days a week||Monday Tuesday Wednesday|Thursday Friday Saturday Sunday|Monday Tuesday Wednesday|Thursday Friday|Seven days a week|Every hour every minute every second|You know night after night|I’ll be lovin’ you right|Seven days a week|||
I AM - IVE (아이브),IVE (아이브),댄스,2023.04.10,다른 문을 열어 따라 갈 필요는 없어|넌 너의 길로 난 나의 길로 음|하루하루마다 색이 달라진 느낌|밝게 빛이 나는 길을 찾아|I’m on my way 넌 그냥 믿으면 돼|I’m on my way 보이는 그대로야|너는 누군가의 Dreams come true|제일 좋은 어느 날의 데자뷰|머물고픈 어딘가의 낯선 뷰|I’ll be far away|That’s my|Life is 아름다운 갤럭시|Be a writer  장르로는 판타지|내일 내게 열리는 건 big big 스테이지|So that is who I am|Look at me|Look at me|Look at me|now|어제랑 또 다른 짜릿한 나|두려운 모든 게 설레이게|I’m in sky high  OMG|사소한 건 다 아득해져 와|Look at me now|Look at me now|I’m on fire|I’m on my way 넌 그냥 믿으면 돼|I’m on my way 보이는 그대로야|너는 누군가의 Dreams come true|제일 좋은 어느 날의 데자뷰|머물고픈 어딘가의 낯선 뷰|I’ll be far away|That’s my|Life is 아름다운 갤럭시|Be a writer  장르로는 판타지|내일 내게 열리는 건 big big 스테이지|So that is who I am|어느 깊은 밤 길을 잃어도|차라리 날아올라 그럼 네가|지나가는 대로 길이거든|1  2  3|1  2  3|1  2  3|Fly up|I hope you’d be someone’s|dreams come true|제일 좋은 어느 날의 데자뷰|머물고픈 어딘가의 낯선 뷰|I’ll be far away|That’s my|Life is 아름다운 갤럭시|Be a writer  장르로는 판타지|내일 내게 열리는 건 big big 스테이지|So that is who I am|
청춘찬가 - 세븐틴 (SEVENTEEN),세븐틴 (SEVENTEEN),록/메탈,2024.04.29,|어쩌다 보니 처음으로 마주하는 오늘이라서|사무치게 아픈 말 한마디에 내가 더 싫어도|신경 쓰지 말자|우리 목소리로 어디서라도 부르자|청춘찬가||1 2 1 2 3 4!||벨 소리가 울릴 때 겁이 나|심장이 먼저 놀라는 요즘|혼자 지내고 싶고 혼자 있기 싫고|나도 날 모르겠어||도대체 나의 행복은 어디 있나요|그 누구도 대답해 줄 수 없어|꺼진 폰 화면 속에 비친 내 모습 보며 말할래||오늘 집에 가는 길에 내게 수고했다고|마냥 쉽지 않았지만 나쁘지 않았다고|숨 막히는 세상 속에|작은 것 하나에 잠깐 웃었다고||어쩌다 보니 처음으로 마주하는 오늘이라서|사무치게 아픈 말 한마디에 내가 더 싫어도|신경 쓰지 말자|우리 목소리로 어디서라도 부르자|청춘찬가||나의|나의|나의|나의|나의|나의|날 감싸준 포근한 이불 이 사소한 따뜻함에|또 내일을 기다리면서 잠들게||내일 아침에 울리는 시끄러운 알람이|어제보단 조금만이라도 밉지 않기를|숨 막히는 세상 속에|이 모든 게 나라서 참 좋을 거야||어쩌다 보니 처음으로 마주하는 내일이라도|사무치게 아픈 말 한마디에 내가 더 싫어도|신경 쓰지 말자|우리 목소리로 어디서라도 부르자|청춘찬가||
Lucky Girl Syndrome - 아일릿(ILLIT),아일릿(ILLIT),댄스,2024.03.25,완벽한 날씨|딱 맞는 playlist|오늘의 selfie|I say I’m lucky||세상은 chocolate|삼키자 so sweet|긍정의 치트키|Lucky girl syndrome oh||I don’t need I don’t need I don’t need|어떤 golden ticket도|All I need all I need all I need|내 자신을 믿는 것|Finally finally finally|다 이뤄질 거야|매일 주문을 외워||Yeah luck|Yeah I’m a lucky girl|Yeah you’re a lucky girl|Yeah we’re so lucky|Luck luck luck luck||Luck 주문을 걸어 luck|난 정말 lucky girl|넌 정말 lucky girl girl girl girl||찍어봐 breakfast|선택은 best choice|도착한 crossroad|신호는 green light||마주친 눈에|터진 웃음에|붙여봐 hashtag|#lucky_girl_syndrome oh||설렘이 설렘이 설렘이|계속 차오르는 걸|I believe I believe I believe|이뤄져 믿는 대로|Finally finally finally|넌 이유를 아니? (why?)|Together you and me||Yeah luck|Yeah I’m a lucky girl|Yeah you’re a lucky girl|Yeah we’re so lucky|Luck luck luck luck||Luck 주문을 걸어 luck|난 정말 lucky girl|넌 정말 lucky girl girl girl girl||Oh my girl|주문을 걸어 say|That’s my girl|Lucky girl syndrome||Oh my girl|주문을 걸어 say|That’s my girl|Lucky girl syndrome||Yeah I’m a lucky girl
보금자리 - 임영웅,임영웅,성인가요/트로트,2022.05.02,그대 사랑이 나였음 좋겠다|아무것도 필요 없어요|든든한 품에 안겨 잠들고 싶어라|내 사랑의 보금자리|아무것도 바라지 않아요|당신만 있으면 돼|한 눈 팔지 않고 사랑할래요|돈도 필요 없어 백도 필요 없어|당신만 있으면 돼|그대 사랑이 나였음 좋겠다|아무것도 필요 없어요|든든한 품에 안겨 잠들고 싶어라|내 사랑의 보금자리|아무것도 바라지 않아요|당신만 있으면 돼|한 눈 팔지 않고 사랑할래요|돈도 필요 없어 백도 필요 없어|당신만 있으면 돼|아무것도 바라지 않아요|당신만 있으면 돼|한 눈 팔지 않고 사랑할래요|돈도 필요 없어 백도 필요 없어|당신만 있으면 돼|당신만 있으면 돼|
ETA - NewJeans,NewJeans,댄스,2023.07.21,낭비하지 마 네 시간은 은행|서둘러서 정리해 걔는 real bad|받아주면 안돼|No you better trust me|답답해서 그래|저번에도 봤지만 너 없을 때|걘 여기저기에 눈빛을 뿌리네|아주 눈부시게|Honestly 우리 사이에|He’s been totally lying yeah|내 생일 파티에 너만 못 온 그날|혜진이가 엄청 혼났던 그날|지원이가 여친이랑 헤어진 그날|걔는 언제나 네가 없이 그날|너무 멋있는 옷을 입고 그날|Heard him say|We can go wherever you like|Baby say the words and I’m down|All I need is you on my side|We can go whenever you like|Now where are you?|Mmhmm|What’s your ETA  what’s your ETA|Mmhmm|What’s your ETA  what’s your ETA|Mmhmm|What’s your ETA  what’s your ETA|I’ll be there right now  lose that boy on her arm|아파 맘이 네가 걔 못 잊을 때|내 말 믿어 you deserve better than that|내가 도와줄게|걔는 그냥 playin’|Boys be always lying yeah|내 생일 파티에 너만 못 온 그날|혜진이가 엄청 혼났던 그날|지원이가 여친이랑 헤어진 그날|걔는 언제나 네가 없이 그날|너무 멋있는 옷을 입고 그날|Heard him say|We can go wherever you like|Baby say the words and I’m down|All I need is you on my side|We can go wherever you like|Now where are you?|Mmhmm|What’s your ETA  what’s your ETA|Mmhmm|What’s your ETA  what’s your ETA|Mmhmm|What’s your ETA  what’s your ETA|I’ll be there right now  lose that boy on her arm|Need a boy on my arm|Need a boy on my arm|Want a boy on my arm|Need a boy on my arm
Drama - aespa,aespa,댄스,2023.11.10,Ya Ya I’m the Drama|Ziggy ziggy zag I’m new|'Cause I go biggie biggie bad It’s true|날카로운 눈 안에 비친 Toxic|내 본능을 당겨 Zoom|Hold up  What? Oh my god|You say  What? 다쳐 넌|You better watch out|우린 이미 거센 Boom|달려가고 있어 Vroom|I li-li like me when I roll|Li-li-like me when I’m savage|Li-li-like me when I go|Li-li-likie when I baddest|Hold up 빛을 따라서|달아 다 다 달려나가 Run|Go Finally Ra ta ta ta|다음 세계를 열어 난|1  2 It’s time to go|후회 없어 난|맞서 난 깨버렸지|날 따라서 움직일 Rules|손끝으로 세상을 두드려 움직여|Yeah I’m coming|I bring I bring|all the Drama-ma-ma-ma|I bring Drama-ma-ma-ma|With my girls in the back|Girls in the back|Drama|Trauma-ma-ma-ma|I break Trauma-ma-ma-ma|With MY WORLD in the back|나로 시작되는 Drama|(All that)|Drama-ma-ma-ma|(Bring it that)|Drama-ma-ma-ma|With my girls in the back|Girls in the back Yeah|I break|Trauma-ma-ma-ma|(We them)|Trauma-ma-ma-ma|With MY WORLD in the back|나로 시작되는 Drama|Drama-ma-ma-ma|Drama-ma-ma-ma (3  2  1)|Drama-ma-ma|You know I’ve been kind of like|1  2  3 깜짝 놀랄 다음 Scene|키를 거머쥔|주인공은 나|4  3  2 Going down|쉽게 Through|Deja Vu 같이|그려지는 이미지|날 굳이 막지 말아|이건 내 Drama|도발은 굳이 안 막아|Uh I’m a stunner|1  2 It’s time to go|타오르는 날 (타는 날)|느껴 난 And I love it|새로워지는 Rules|난 눈을 떠 (두 눈을 떠)|시작된 걸 (넌) 알아 (Now)|It’s coming|I bring I bring|all the Drama-ma-ma-ma|I bring Drama-ma-ma-ma|With my girls in the back|Girls in the back|Drama|Trauma-ma-ma-ma|I break Trauma-ma-ma-ma|With MY WORLD in the back|나로 시작되는 Drama|Into the REAL WORLD|다가온 Climax|두려워하지 마|You and I|함께 써 내려가는 Story|날 가로막았던 No|한계를 뛰어 넘어 Every day|Oh Imma make it my way|Out of the way Yeah|I bring I bring|all the Drama-ma-ma-ma|I bring Drama-ma-ma-ma|With my girls in the back|Girls in the back|Drama|Trauma-ma-ma-ma|I break Trauma-ma-ma-ma|With MY WORLD in the back|나와 함께하는 Drama|(All that)|You know  I’m savage|거침없는 Baddest|나를 둘러싼 Thrill|거친 여정 속의 Drama|(Drama-ma-ma)|내가 깨트릴 모든 Trauma|(Drama-ma-ma)|지금 시작되는 Drama|Ya Ya 너로 시작될 MY Drama
Super Shy - NewJeans,NewJeans,댄스,2023.07.07,|I’m super shy  super shy|But wait a minute while I|Make you mine  make you mine|떨리는 지금도|You’re on my mind|All the time|I wanna tell you but I’m|Super shy  super shy||I’m super shy  super shy|But wait a minute while I|Make you mine  make you mine|떨리는 지금도|You’re on my mind|All the time|I wanna tell you but I’m|Super shy  super shy||And I wanna go out with you|Where you wanna go? (Huh?)|Find a lil spot|Just sit and talk|Looking pretty|Follow me|우리 둘이 나란히|보이지? (봐)|내 눈이 (heh)|갑자기|빛나지|When you say|I’m your dream||You don’t even know my name|Do ya?|You don’t even know my name|Do ya-a?|누구보다도||I’m super shy  super shy|But wait a minute while I|Make you mine  make you mine|떨리는 지금도|You’re on my mind|All the time|I wanna tell you but I’m|Super shy  super shy||I’m super shy  super shy|But wait a minute while I|Make you mine  make you mine|떨리는 지금도|You’re on my mind|All the time|I wanna tell you but I’m|Super shy  super shy||나 원래 말도 잘하고 그런데 왜 이런지|I don’t like that|Something odd about you|Yeah you’re special and you know it|You’re the top babe||I’m super shy  super shy|But wait a minute while I|Make you mine  make you mine|떨리는 지금도|You’re on my mind|All the time|I wanna tell you but I’m|Super shy  super shy||I’m super shy  super shy|But wait a minute while I|Make you mine  make you mine|떨리는 지금도|You’re on my mind|All the time|I wanna tell you but I’m|Super shy  super shy||You don’t even know my name|Do ya?|You don’t even know my name|Do ya-a?|누구보다도|You don’t even know my name|Do ya?|You don’t even know my name|Do ya-a?||
Love 119 - RIIZE,RIIZE,댄스,2024.01.05,1 2 Let’s go||뺏긴 My heart|that girl’s a killer|Love so good|feels like a thriller|시작됐지|이건 Emergency (Vroom)|1-1-9 1-1-9|Save my life save my life|She sets me free|이건 Emergency (Love)||너는 마치 Flashlight|자꾸만 시선을 뺏겨|많은 사람 속에서|순간 너만 보였어|다들 말하지|Love is so sweet|아직 난 뭔지 모르겠지|Right now||처음 느낀 이상한 떨림|이건 진심 I’m not kidding|친구이기엔 더|Deeper deeper deeper|어쩌면 Love song yah||뺏긴 My heart|that girl’s a killer|Love so good|feels like a thriller|시작됐지|이건 Emergency (Vroom)|1-1-9 1-1-9|Save my life save my life|She sets me free|이건 Emergency (Love)||이상해 나 What do I do|너에 관한 건 뭐라도|신경 쓰여 난 All day|넌 만들어 My day|이 감정은 Someday|난 알고 싶어|귓가에 울린|Love is so sweet|멈출 수 없이|빠져버린 나야||네가 자꾸 궁금해 왜지|말도 안 돼|I’m not kidding|시간이 갈수록|깊어 깊어 깊어져|가는 나잖아||뺏긴 My heart|that girl’s a killer|Love so good|feels like a thriller|시작됐지|이건 Emergency (Vroom)|1-1-9 1-1-9|Save my life save my life|She sets me free|이건 Emergency (Love)||이건 뭘까|You know what I’m talking about|왜 이렇게|나의 맘이 어지러운 걸까|이 모든 게|내가 널 좋아하는 건가|난 그럼 더 이상|끌고 싶지 않아|다른 건|Nothing but|I want it all with you||뺏긴 My heart|that girl’s a killer|Love so good|feels like a thriller|시작됐지|이건 Emergency (Vroom)|1-1-9 1-1-9|Save my life save my life|She sets me free|이건 Emergency (Love)
인사 - 범진,범진,발라드/인디음악,2021.12.24,돌아서는 너를 보며|난 아무 말도 할 수 없었고|슬퍼하기엔 짧았던|나의 해는 저물어 갔네|지나치는 모진 기억이|바람 따라 흩어질 때면|아무 일도 없듯이 보내주려 해|아픈 맘이 남지 않도록|안녕 멀어지는 나의 하루야|빛나지 못한 나의 별들아|차마 아껴왔던 말 이제서야|잘 지내 인사를 보낼 게|떠나가는 너를 보며|난 아무 말도 할 수 없었고|슬퍼하기엔 짧았던|나의 해는 저물어 갔네|돌이킬 순 없는 추억이|바람 따라 흩어질 때면|아무 일도 없듯이 보내주려 해|아픈 맘이 남지 않도록|안녕 멀어지는 나의 하루야|빛나지 못한 나의 별들아|차마 아껴왔던 말 이제서야|잘 지내 인사를 보낼 게|잘 지내 인사를 보낼 게|
Perfect Night - LE SSERAFIM (르세라핌),LE SSERAFIM (르세라핌),댄스,2023.10.27,Me and my girlies|We gon party til its early|Got me feeling otherworldly tonight|Caught in some traffic|But the radio is blasting|Drop a red light and we’ll sing it goodbye|Ooh|By the morning  feel like magic|I got all I need you know nothing else can beat|The way that I feel when I’m dancing with my girls|Perfect energy yeah we flawless yeah we free|There’s no better feeling in the whole wide world|Tonight|I don’t care what’s wrong or right|Don’t start blowing up my line|I’d care at 11:59|But nothing counts after midnight|Come and take a ride with me|I got a credit card and some good company|Some come through|Make the fit real good|Why you still stuck on loading|Waiting on you babe|Ooh|Night to morning  live slow motion|I got all I need you know nothing else can beat|The way that I feel when I’m dancing with my girls|Perfect energy yeah we flawless yeah we free|There’s no better feeling in the whole wide world|Tonight|I don’t care what’s wrong or right|Don’t start blowing up my line|I’d care at 11:59|But nothing counts after midnight|Ooh|By the morning  feel like magic|I got all I need you know nothing else can beat|The way that I feel when I’m dancing with my girls|Perfect energy yeah we flawless yeah we free|There’s no better feeling in the whole wide world|Tonight|I don't care what’s wrong or right|Don’t start blowing up my line|I’d care at 11:59|Don’t start blowing up my line
파이팅 해야지 (Feat. 이영지) - 부석순 (SEVENTEEN),부석순 (SEVENTEEN),댄스,2023.02.06,파이팅 해야지|파이팅|아뿔싸 일어나야지 아침인데|눈 감았다 뜨니 해가 중천인데|아침밥은 Pass 10분 더 자야 돼 Oh|Take-out coffee로 (아메 아메 아메 아메)|Story 속에 (친구들은 다 왜)|잘나 보여 (왜 나 나 나만 왜)|또 또 또 또 왜 아등바등 또 왜|이리저리 치여 왜 (I9 I9 I9 I9)|우린 다 이어폰 꽂은 Zombie|필요해 모두 다 텐션 Up pumpin’|힘을 좀 내어보자|우린 여러분의 부석순|반복되는 하루에|시작이 되는 이 노래|네 옆에서 불러주겠어|힘내야지 뭐 어쩌겠어|파이팅 해야지 파이팅 해야지|Don’t give it up Never give it up yeah|파이팅 해야지 파이팅 해야지|우린 부석순|Ah 파이팅 해야지|Story 속에 (친구들은 다 왜)|잘나 보여 (왜 나 나 나만 왜)|또 또 또 또 왜 아등바등 또 왜|이리저리 치여 왜 (I9 I9 I9 I9)|우린 다 이어폰 꽂은 Zombie|필요해 모두 다 텐션 Up pumpin’|힘을 좀 내어보자|우린 여러분의 부석순|반복되는 하루에|시작이 되는 이 노래|네 옆에서 불러주겠어|힘내야지 뭐 어쩌겠어|파이팅 해야지 파이팅 해야지|Don’t give it up Never give it up yeah|파이팅 해야지 파이팅 해야지|Okay 모닝커피는 디카페인|일찍 일어나니 기분 뭣 같지|철없이 부재중 전화 제끼고|Dance with ma laziness|굽은 등  팔  다리 전부 다 펴니|Ooh I feel like I’m seventeen|일원도 보탬 안 되는|불행과 같이 살기에는 내 시간이 너무 아깝지 Man|힘을 내 힘을 내 힘을 내 힘을 내|힘을 내 힘을 내 힘을 내 힘을 내|Y’all don’t deserve it|Unfortune is unnecessary|알다시피 인생은|원래 거지 같아|그러니 조금만 힘을 내|구겨진 인생을|연주하는 우린 비운의 베토벤|차분히 다음 악장을 연주해|We got plenty more pages left to play|올라갔다 내려가는 주식같이|알다가도 모르겠는 인생 뭣 같지|한 템포 쉬고 물 한 모금 마시기|자 여기 있어 비타민 A B C|반복되는 하루에|시작이 되는 이 노래|네 옆에서 불러주겠어|힘내야지 뭐 어쩌겠어|파이팅 해야지 파이팅 해야지|Don’t give it up Never give it up yeah|파이팅 해야지 파이팅 해야지|우린 부석순|Ah 파이팅 해야지|Ah 파이팅 해야지|
Ditto - NewJeans,NewJeans,댄스,2022.12.19,Woo woo woo woo ooh|Woo woo woo woo|Stay in the middle|Like you a little|Don’t want no riddle|말해줘 say it back|Oh say it ditto|아침은 너무 멀어|So say it ditto|훌쩍 커버렸어|함께한 기억처럼|널 보는 내 마음은|어느새 여름 지나 가을|기다렸지 all this time|Do you want somebody|Like I want somebody|날 보고 웃었지만|Do you think about me now yeah|All the time yeah|All the time|I got no time to lose|내 길었던 하루|난 보고 싶어|Ra-ta-ta-ta 울린 심장 (Ra-ta-ta-ta)|I got nothing to lose|널 좋아한다고|wooah wooah wooah|Ra-ta-ta-ta 울린 심장 (Ra-ta-ta-ta)|But I don't want to|Stay in the middle|Like you a little|Don’t want no riddle|말해줘 say it back|Oh say it ditto|아침은 너무 멀어|So say it ditto|I don't want to|Walk in this 미로|다 아는 건 아니어도|바라던 대로|말해줘 Say it back|Oh say it ditto|I want you so  want you|So say it ditto|Not just anybody|너를 상상했지|항상 닿아있던|처음 느낌 그대로 난|기다렸지 all this time|I got nothing to lose|널 좋아한다고|wooah wooah wooah|Ra-ta-ta-ta 울린 심장 (Ra-ta-ta-ta)|But I don't want to|Stay in the middle|Like you a little|Don’t want no riddle|말해줘 say it back|Oh say it ditto|아침은 너무 멀어|So say it ditto|I don't want to|Walk in this 미로|다 아는 건 아니어도|바라던 대로|말해줘 Say it back|Oh say it ditto|I want you so  want you|So say it ditto|Woo woo woo woo ooh|Woo woo woo woo|
Impossible - RIIZE,RIIZE,댄스,2024.04.18,Gimme that beat||Got me flyin’|in my dreams right now|모두가 불가능해|안 된다고 하지 왜|Can’t lose|can’t lose|can’t lose|It’s impossible||2 AM 2 AM 꿈속이 익숙한|잠든 까만 밤에도|I know you I know you|You know me 너 없인|모든 게 Impossible||한 걸음 걸음 나의 꿈에|Movin’ on movin’ on|가까워지는 너의 맘이|To be strong to be strong||Got me flyin’|in my dreams right now|모두가 불가능해|안 된다고 하지 왜|Can’t lose|can’t lose|can’t lose|It’s impossible||Got me dyin’|to realize it now|모두 너로 가능해|넌 날 완성하게 해|Without you|without you|without you|It's impossible||Just one more just one more|열어줘 Let me know|난 끝내 너의 맘을 Touchin’|하나뿐인 나의 꿈이|저 멀리 너에게 닿아|크게 번져가는 Beatin’||멈추지 않아 이미 우린|Movin’ on movin’ on|익숙해진 함께란 말이|To be strong to be strong||Got me flyin’|in my dreams right now|모두가 불가능해|안 된다고 하지 왜|Can’t lose|can’t lose|can’t lose|It’s impossible||Got me dyin’|to realize it now|모두 너로 가능해|넌 날 완성하게 해|Without you|without you|without you|It's impossible||Gimme that beat||It's impossible
WAY 4 LUV - PLAVE,PLAVE,록/메탈,2024.02.26,Way 4 Luv|Way 4 your Luv|Way 4 Luv|Way 4 your Luv|거짓말이라도 믿을게|영화 같은 스토리의 끝에||It’s like a movie|우린 참 어렸었지|저 별들을 닮기엔|모든 게 서툴렀지 Oh yeah||뜨거웠던 숨은 꿈이 되어|내 심장에 불을 지폈어 날 멈출 수 없도록 더욱|떨어져가는 폭포||처럼 내 몸을 던졌어|그 속에 피어난 Flo(wer)||어느새 노을이 지고 있어 그곳으로||Moonlight|끝이 없는 Midnight|Sunshine|반복되는 Highlight||Woo woo woo woo woo woo woo||(Woo woo woo woo woo woo woo)||Woo woo woo woo woo woo woo||(Woo woo woo woo woo woo woo)||Way 4 Luv|Way 4 your Luv|Way 4 Luv|Way 4 your Luv|거짓말이라도 믿을게|영화 같은 스토리의 끝에||Way 4 Luv|uh Way 4 your Luv|사계절이 되어줘 My Venus|거짓말이라도 믿을래|황홀한 이 여정의 끝에||쏟아지는 유성 아래|형 형색의 Rainbow|지나치게 아름다워|A to T  I’m driving now||There’s no rush hour||Let’s go Eiffel Tower||Imagine we smile at the same time||Moonlight|끝이 없는 Midnight|Sunshine|반복되는 Highlight||Woo woo woo woo woo woo woo||(Woo woo woo woo woo woo woo)||Woo woo woo woo woo woo woo||(Woo woo woo woo woo woo woo)||Way 4 Luv|Way 4 your Luv|Way 4 Luv|Way 4 your Luv|거짓말이라도 믿을게|영화 같은 스토리의 끝에||같은 시선 속에 맞닿은 우리야||너와 날 닮은 이 순간||끝나지 않을 여행이라||It’s a beautiful life||Way 4 Luv|oh Way 4 Luv|거짓말이라도 믿을게|영화 같은 스토리의 끝에||Way 4 Luv|uh Way 4 your Luv||사계절이 되어줘 My Venus|거짓말이라도 믿을래|황홀한 이 여정의 끝에||Woo woo woo|woo woo woo|Woo woo woo woo|woo woo woo|Woo woo woo woo||
Midas Touch - KISS OF LIFE,KISS OF LIFE,댄스,2024.04.03,Baby  count 10 That’s all I need|단숨에 빠져들어|(Can’t go back  can’t go back)||Tick-tack  ain’t got no time|턱 끝을 겨누는 Love|(Eat your love  eat your love)||Hey baby  I’ve been watching|널 풀어헤친 달콤한 이 Danger (Danger)|(Baby  I’ve been watching  boy)||Hey baby  I’m so toxic|위험할수록 재밌잖아 It’s alright (Alright)|(Baby  I’ve been watching  boy)||온몸이 원해 넌 나뿐인|아찔한 Lovesick 밤새 날 앓게 돼|I warned you with a single touch  boy|도망쳐봐 어차피 날 벗어날 수 없어||When I touch ya  kiss ya|You’re gon realize|(Baby  don’t you think too much)||Boy  if I touch ya  kiss ya|Watch out 순간 변해버린 눈빛|You see  I got that Midas touch||I really wanna stay all day with you|You know what we’ll be going through?|찾아봐 떨리는 이유|몸부림칠수록 Gettin’ deeper|손짓 한 번으로 Makin' you weaker and weaker||Hey baby  I’m so toxic|위험할수록 재밌잖아 It’s alright (Alright)|(You will end up in my hands my love)||온몸이 원해 넌 나뿐인|아찔한 Lovesick 밤새 날 앓게 돼|I warned you with a single touch  boy|도망쳐봐 어차피 날 벗어날 수 없어||When I touch ya  kiss ya|You’re gon realize|(Baby  don’t you think too much)||Boy  if I touch ya  kiss ya|Watch out 순간 변해버린 눈빛|You see  I got that Midas touch||(Brace! Brace!)|Ain’t gotta sugarcoat me 생각과는 다를 걸|(Brace! Brace!)|My love’s a game  I play with it 너도 원한다면|(Brace! Brace!)|Looking like a kitty cat but 아무도 감당 못 해|Once the countdown’s done You’re never gonna move  yeah||When I touch ya  kiss ya|You’re gon realize|(Baby  don’t you think too much)||Boy  if I touch ya  kiss ya|Watch out 순간 변해버린 눈빛|You see  I got that Midas touch||내게 빠져드는 손짓|You see  I got that Midas touch
손오공 - 세븐틴 (SEVENTEEN),세븐틴 (SEVENTEEN),댄스,2023.04.24,땅을 보고 계속 올랐지 정상까지|많은 시련은 보란 듯이 I Always Win|강한 마음이 중요하지|미래는 도망가지 않아 내가 놓기 전까지|DARUMDARIMDA|구름을 타고 여기저기로 (Hey)|DARUMDARIMDA|우리들의 긍지를 높이러 (Hey)|DARUMDARIMDA|또 다른 세계 나아가자 Go|이 Rhythm에 맞춰|Say Say Say Say|영웅본색 Like This|시간과 공간에 구애받지 않는 자세|힘을 다하고 쓰러져도|포기를 모르고 날뛰는 중|마치 된 것 같아 손오공|마치 된 것 같아 손오공|우리는 쉬지 않아 매일 |Make it Make it|끝까지 가보자|마치 된 것 같아 손오공|I Luv My Team I Luv My Crew|여기까지 달리면서|I Luv My Team I Luv My Crew|계속 달릴 수 있어 더|I Luv My Team I Luv My Crew|여기까지 오르면서|I Luv My Team 그 덕분에 우린|마치 된 것 같아 손오공|알리지 우리는 등장 중|여전히 세대를 뒤바꿈|멈추지 않아 뜀박 중|발이 꼬여도 뒷박 쿵|WOO WOO Pull Up My 근두운|WOO WOO 성실히 수행 중|DARUMDARIMDA|늘어나라 하늘로 여의봉 (Hey)|DARUMDARIMDA|우리들의 매일은 Come & Go (Hey)|DARUMDARIMDA|모든 걸 위해 나아가자 Go|이 노래에 맞춰|Say Say Say Say|영웅본색 Like This|시간과 공간에 구애받지 않는 자세|힘을 다하고 쓰러져도|포기를 모르고 날뛰는 중|마치 된 것 같아 손오공|마치 된 것 같아 손오공|우리는 쉬지 않아 매일 |Make it Make it|끝까지 가보자|마치 된 것 같아 손오공|I Luv My Team I Luv My Crew|여기까지 달리면서|I Luv My Team I Luv My Crew|계속 달릴 수 있어 더|I Luv My Team I Luv My Crew|여기까지 오르면서|I Luv My Team 그 덕분에 우린|마치 된 것 같아 손오공|진실은 때론 잔혹해 (What’s That?)|거짓은 때론 달콤해 (What’s That?)|다정함은 때론 거짓말로 (What’s That?)|나쁜 것 싹 다 모아둬|Ping 하고 불 나와|Ener Energy 기 모아 아주 다 나와|Ener Energy 한방에 아주 발사 파|지금부터 다 하늘 위로 함성 발사|이 노래는 이 만화의 엔딩송이다|
사랑인가 봐 - 멜로망스,멜로망스,발라드/국내드라마,2022.02.18,너와 함께 하고 싶은 일들을|상상하는 게|요즘 내 일상이 되고|너의 즐거워하는 모습을 보고 있으면|자연스레 따라 웃고 있는 걸|너의 행동에 설레어하고 뒤척이다가|지새운 밤이 많아지는데|이건 누가 봐도 사랑일 텐데|종일 함께면 질릴 텐데|나 돌아서도 온통 너인 건|아무래도 사랑인가 봐|점점 너와 하고 싶은 일들 생각하면서|하룰 보낸 날이 많아지는데|이건 누가 봐도 사랑일 텐데|종일 함께면 질릴 텐데|나 돌아서도 온통 너인 건|아무래도 사랑인가 봐|너의 행복해하는 모습을 보고 있으면|나도 모르게 따라 웃는데|이 정도면 알아줄 만하잖아|너도 용기 낼만 하잖아|나만 이런 게 아니라면|우리 만나볼 만하잖아|아무래도 사랑인가 봐|
너의 모든 순간 - 성시경,성시경,발라드/국내드라마,2014.02.12,이윽고 내가 한눈에|너를 알아봤을 때|모든 건 분명 달라지고 있었어|내 세상은 널 알기 전과 후로 나뉘어|니가 숨 쉬면 따스한 바람이 불어와|니가 웃으면 눈부신 햇살이 비춰|거기 있어줘서 그게 너라서|가끔 내 어깨에 가만히 기대주어서|나는 있잖아 정말 빈틈없이 행복해|너를 따라서 시간은 흐르고 멈춰|물끄러미 너를 들여다 보곤 해|그것 말고는 아무것도 할 수 없어서|너의 모든 순간 그게|나였으면 좋겠다|생각만 해도 가슴이 차올라|나는 온통 너로|보고 있으면 왠지 꿈처럼 아득한 것|몇 광년 동안 날 향해 날아온 별빛|또 지금의 너|거기 있어줘서 그게 너라서|가끔 나에게 조용하게 안겨주어서|나는 있잖아 정말 남김없이 고마워|너를 따라서 시간은 흐르고 멈춰|물끄러미 너를 들여다보곤 해|너를 보는 게 나에게는 사랑이니까|너의 모든 순간 그게|나였으면 좋겠다|생각만 해도 가슴이 차올라|나는 온통 너로|니 모든 순간 나였으면|
MANIAC - VIVIZ (비비지),VIVIZ (비비지),댄스,2023.11.02,힘껏 내팽개친 Roses|말론 안 통하지 역시 어쩜 이리 안 변해|인정 같은 소린 됐고|이쯤에서 끝내 Let go 인내심도 Out of space||얼룩지는 Red carpet 그렇게 또 Fade away|치워줘 Scarred face 끝까지 신경 쓰여 Huh||This love is maniac maniac maniac|But I can’t killin’ it killin’ it killin’ it|사랑 말고 다른 말론 설명할 수 없는 멜로|It’s maniac maniac maniac||자극적 이끌림 잔인해진 Orbit|지겨운 Love-phobic yeah|그래 솔직하자 넌 지금 즐긴 거야||얼음처럼 날 선 말 부서질 듯 던져 막|심장을 푹 찌르고 또 Melted|완벽하게 Cliche 웃기지도 않는 꼴|갈피 없이 뒤집히는 Magnet||답이 없는 Zero-sum game 뭐가 문제였던 건데|결국 또 미뤄진 End 이것도 재주야 Perfect||This love is maniac maniac maniac|But I can’t killin’ it killin’ it killin’ it|사랑 말고 다른 말론 설명할 수 없는 멜로|It’s maniac maniac||Crystal처럼 조각난 Lighting 그 아래 선 우린|Living in a moment Bloody truth|짓이겨져 물든 Rose 결국 벗어던진 Mask|말해 What you wanna do Woo woo ah||This love is maniac maniac maniac|And I’m okay with it okay with it okay with it|끝내 너와 나마저도 이해할 수 없는 멜로|It’s maniac maniac maniac||화려한 이 Tragic 이거 사랑 맞지|영원할 Scenery yeah|그래 솔직하자 우리는 즐긴 거야||Never ever|It’s coming down It’s coming down|It’s coming down|Maniac|Yeah yeah woo woo woo
홀씨 - 아이유,아이유,랩/힙합,2024.02.20,내가 누울 자린 아마도|한참 더 위로|아니 적당히 미끈한 곳에|뿌리내리긴 싫어||내 뒤로 착착 따라붙어|다 예쁘게 줄지어|난 기어코 하늘에 필래|음  What a tiny leader||아슬아슬히 나는|홀씨 하나 또 다른|길을 향해서|Fly high to bloom|혹시 나의 안부를|묻는 누군가|있거든 전해줘||걔는 홀씨가 됐다구||날 따라  gonna go to win|날 따라  날아가 꼭대기루|You say '후‘|I may fly|You say '후‘|Then i fly||날 따라  Even without wings|날 따라  떠올라 공중으루|You say '후‘|I may fly|You say '후'|Then i fly||다 날 볼 수 있게 날아 줄게 한가운데|시력을 위해 꼭 지참해 니 sunglass|올려보면 눈부셔|고소공포 하나도 안 무셔||따가운 태양과 무지 가까운 거리|까지 올라가 난 무심히 내려보리|구름을 골라타|간만에 한바탕|싹 어질러볼까||빙글빙그르 나는|홀씨 하나 가파른|바람을 타고|Fly high to bloom|혹시 나의 안부를|묻는 누군가|있거든 전해줘||걔는 홀씨가 됐다구|날 따라  gonna go to win|날 따라  날아가 꼭대기루|You say '후‘|I may fly|You say '후‘|Then i fly||날 따라  Even without wings|날 따라  떠올라 공중으루|You say '후‘|I may fly|You say '후'|Then i fly||앞길이 만만치 않아도|엄살은 뒤로|내 선택이야 늘 그랬듯이|쉬울 확률은 zero||남은 거 탈탈 털어줄게|모두 행운을 빌어||구태여 인사하고 갈래|May god be with ya|See ya
슬픈 초대장 - 순순희 (지환),순순희 (지환),발라드/인디음악,2023.12.19,내 야윈 손위로 온 초대장 위에|널 데려간다는 그와 네 이름|오래전 헤어지던 날|자꾸 내 눈앞에 스쳐|혼자서도 난 서글픈데||수화기 너머로 젖은 네 목소리|그때 왜 날 보내줬냐고|첨부터 널 사랑했다면|마지막까지 붙잡아야 했다고||그 많은 사연들 다 버려둔 채로|날 떠난 너였잖아|지금 그를 사랑한다면서||왜 이제 와서 또 바보처럼 흔들려|누굴 위해 돌아봐|아픈 가슴 추억으로 달래며|네 행복을 믿었는데||차라리 날 다 지워버려|넌 그를 택한 세상에 후회하지 않도록|남들처럼 나도 멀리서 나마|축하하고 싶으니||다 기억할 만큼 모질지 못한 너|날 두 번 울리잖아|되돌리긴 너무 늦었는데||왜 이제 와서 또 바보처럼 흔들려|누굴 위해 돌아봐|아픈 가슴 추억으로 달래며|네 행복을 믿었는데||차라리 날 다 지워버려|넌 그를 택한 세상에 후회하지 않도록|남들처럼 나도 멀리서 나마|축하하고 싶으니||부디 가서 영원해 줘
사막에서 꽃을 피우듯 - 우디 (Woody),우디 (Woody),발라드,2023.07.14,아침에 눈 뜨는 게 너무 행복해졌어|널 사랑한다 말할 수 있어서 하늘에 감사해|?|네 번의 계절을 너와 함께할게|평생토록 더 오래도록 더 영원토록|?|음악처럼 꿈처럼|매일 새롭게 사랑을 주고 싶어|지금처럼 곁에 있어 주기를 언제나|?|사막에서 꽃을 피우듯 널 만난 건 기적인 걸|설렘이 사라지더라도 이 사랑을 지켜줄게|?|허물없이 지내다가도|힘든 날엔 말없이 기댈 수 있게|언제나 네 곁에 내가 서 있을게|?|한 걸음 한 걸음|어둡지 않게 내가 널 비춰줄게|지금처럼 곁에 있어 주면 돼 언제나|?|사막에서 꽃을 피우듯 널 만난 건 기적인 걸|설렘이 사라지더라도 이 사랑을 지켜줄게|?|허물없이 지내다가도|힘든 날엔 말없이 기댈 수 있게|언제나 네 곁에 내가 서 있을게|?|너와 함께하는 이 시간이|조금만 더 천천히 흘러가길|?|어떤 날엔 웃게 해 줄게|좋은 날엔 더 안아줄게|슬픈 날엔 그냥 울어도 돼|내가 더 노력할게|?|허물없이 지내다가도|힘든 날엔 말없이 기댈 수 있게|언제나 네 곁에 내가 서 있을게|?|언제나 네 곁에 있을게|
OMG - NewJeans,NewJeans,댄스,2023.01.02,"이 노래는 it’s about you baby|Only you|You you you|You you you you|내가 힘들 때|울 것 같을 때|기운도 이젠|나지 않을 때|It’s you 날 걱정하네|It’s you 날 웃게하네|말 안 해도 돼|Boy what do you say|(They keep on asking me  ""who is he?"")|멀리든 언제든지 달려와|(They keep on asking me  ""who is he?"")|바쁜 척도 없이 넌 나타나|(They keep on asking me  ""who is he?"")|이게 말이 되니 난 물어봐|(They keep on asking me  ""who is he?"")|너는 말야|He’s the one that’s living in my system baby|Oh my oh my God|예상했어 나|I was really hoping|That he will come through|Oh my oh my God|단 너뿐이야|Asking all the time about what I should do|No I can never let him go|너만 생각나 24|난 행운아야 정말로 I know  I know|널 알기 전까지는 나|의미 없었어 전부 다|내 맘이 끝이 없는 걸 I know  I know|I’m going crazy right?|어디서든|몇 번이든|There ain’t nothing else that I would hold on to|I hear his voice|Through all the noise|잠시라도 내 손 놓지 마 no  no|걱정 없잖아|‘Cause I got someone|혼자라도 괜찮아|‘Cause I love someone|(They keep on asking me  ""who is he?"")|멀리든 언제든지 달려와|(They keep on asking me  ""who is he?"")|바쁜 척도 없이 넌 나타나|(They keep on asking me  ""who is he?"")|이게 말이 되니 난 물어봐|(They keep on asking me  ""who is he?"")|너는 말야|He’s the one that’s living in my system baby|Oh my oh my God|예상했어 나|I was really hoping|That he will come through|Oh my oh my God|단 너뿐이야|Asking all the time about what I should do|No I can never let him go|너만 생각나 24|난 행운아야 정말로 I know  I know|널 알기 전까지는 나|의미 없었어 전부 다|내 맘이 끝이 없는 걸 I know  I know|너와 나|My heart is glowing|It’s glowing up|너랑만 있으면 무서울 게 없어|가득 메워진  다 메워진 (붉어진)|My heart is glowing  it’d be glowing|‘Cause he|Oh my oh my God|예상했어 나|I was really hoping|That he will come through|Oh my oh my God|단 너뿐이야|Asking all the time about what I should do|No I can never let him go|He’s right there for me 24|난 행운아야 정말로 I know  I know|널 알기 전까지는 나|의미 없었어 전부 다|어떡해|My heart is glowing  it’s glowing|My heart is glowing up|So I can’t sleep at night|"
Attention - NewJeans,NewJeans,댄스,2022.08.01,You and me|내 맘이 보이지|한참을 쳐다봐|가까이 다가가|You see|You see  ey ey ey ey||One  two  three|용기가 생겼지|이미 아는 네 눈치|고개를 돌려 천천히|여기|You see|여기 보이니||Looking for attention 너야겠어|확실하게 나로 만들겠어|Stop  eyyy|Drop the question|Drop the  drop the question|Want attention|Wanna want attention||You give me butterflies you know|내 맘은 온통 paradise|꿈에서 깨워주지 마||You got me looking for attention|You got me looking for attention|가끔은 정말|헷갈리지만|분명한 건|Got me looking for attention||널 우연히 마주친 척할래|못 본 척 지나갈래|You’re so fine|Gotta gotta get to know ya|나와 나와 걸어가 줘||지금 돌아서면|I need ya  need ya  need ya|To look at me back|Hey 다 들켰었나|널 보면 하트가 튀어나와||난 사탕을 찾는 baby (baby)|내 맘은 설레이지|Eyyy  drop the question|Drop the  drop the question|Want attention|Wanna want attention||You give me butterflies you know|내 맘은 온통 paradise|꿈에서 깨워주지 마||You got me looking for attention|You got me looking for attention|가끔은 정말|헷갈리지만|분명한 건|Got me looking for attention||You got me looking for attention|You got me looking for attention|가끔은 정말|헷갈리지만|분명한 건|Got me looking for attention||A T T E N T I on|Attention is what I want|A T T E N T I on|Attention is what I want|A T T E N T I on|Attention is what I want|A T T E N T I on|You got me looking for attention
꿈 - 태연 (TAEYEON),태연 (TAEYEON),발라드/국내드라마,2023.12.17,화려한 도시를|그리며 찾아왔네|그곳은 춥고도 험한 곳|여기저기 헤매다|초라한 문턱에서|뜨거운 눈물을 먹는다||머나먼 길을 찾아 여기에|꿈을 찾아 여기에|괴롭고도 험한 이 길을 왔는데|이 세상 어디가 숲인지|어디가 늪인지|그 누구도 말을 않네||사람들은 저마다|고향을 찾아가네|나는 지금 홀로 남아서|빌딩 속을 헤매다|초라한 골목에서|뜨거운 눈물을 먹는다||저기 저 별은 나의 마음 알까|나의 꿈을 알까|괴로울 땐 슬픈 노래를 부른다|슬퍼질 땐 차라리 나 홀로|눈을 감고 싶어|고향의 향기 들으면서||저기 저 별은 나의 마음 알까|나의 꿈을 알까|괴로울 땐 슬픈 노래를 부른다|이 세상 어디가 숲인지|어디가 늪인지|그 누구도 말을 않네||슬퍼질 땐 차라리 나 홀로|눈을 감고 싶어|고향의 향기 들으면서|고향의 향기 들으면서
Siren - RIIZE,RIIZE,댄스,2024.04.03,Beat droppin’ low feelin’ up|뒤섞여 봐 완전히 새로운 Flow|Ready or not|순간 울려 대는 Siren|우린 네 심장을 뒤흔드는 Rock||Pull it back  that siren|Pull it back  that siren||Yeah back with a new generation|닳아버린 운동화 다시 Lace up|문을 박차고|Let’s show the world|We don't stop it|연습실 불은 계속 켜있어||See me see me|달라진 조명의 Lights|Warning 뜨거운 눈빛은 Wild|Imma be the one|눈앞에 펼쳐지는|새로워진 Sight||Beat droppin’ low feelin’ up|뒤섞여 봐 완전히 새로운 Flow|Ready or not|순간 울려 대는 Siren|우린 네 심장을 뒤흔드는 Rock||Pull it back  that siren|Pull it back  that siren|서둘러 Hurry hurry|다 모여봐 이리로|We gonna fly high high|자유롭게 더|Pull it back  that siren||Eenie meenie miney moe|거침없이 한 걸음 더|뻔하고 뻔한 흐름은 Say bye bye|Pullin’ up now|we gotta show them feel me|Look at us go look at me go|심장은 Fast 뜨거워 데임|외쳐봐 너의 얘기를|시작해 우린 준비돼 있어||See me see me|터지는 Colorful lights|Warning 모든 걸 보여줘 Wild|Ready or not|등장을 알리는 Siren siren|우린 네 심장을 뒤흔드는 Rock||Pull it back  that siren|Pull it back  that siren|서둘러 Hurry hurry|다 모여봐 이리로|We gonna fly high high|자유롭게 더|Pull it back  that siren||Beat droppin’ low feelin’ up|뒤섞여 봐 완전히 새로운 Flow|Let’s get it go|we won’t be stoppin’||Pull it back  that siren|Pull it back  that siren|서둘러 Hurry hurry|다 모여봐 이리로|We gonna fly high high|자유롭게 더|Pull it back  that siren
봄날 - 방탄소년단,방탄소년단,랩/힙합,2017.02.13,보고 싶다|이렇게 말하니까 더 보고 싶다|너희 사진을 보고 있어도|보고 싶다|너무 야속한 시간|나는 우리가 밉다|이젠 얼굴 한번 보는 것 조차|힘들어진 우리가|여긴 온통 겨울 뿐이야|8월에도 겨울이 와|마음은 시간을 달려가네|홀로 남은 설국열차|니 손 잡고 지구 반대편까지 가|겨울을 끝내고파|그리움들이 얼마나|눈처럼 내려야 그 봄날이 올까|Friend|허공을 떠도는|작은 먼지처럼 작은 먼지처럼|날리는 눈이 나라면|조금 더 빨리|네게 닿을 수 있을 텐데|눈꽃이 떨어져요|또 조금씩 멀어져요|보고 싶다 보고 싶다|보고 싶다 보고 싶다|얼마나 기다려야|또 몇 밤을 더 새워야|널 보게 될까 널 보게 될까|만나게 될까 만나게 될까|추운 겨울 끝을 지나|다시 봄날이 올 때까지|꽃 피울 때까지|그곳에 좀 더 머물러줘|머물러줘|니가 변한 건지|니가 변한 건지|아니면 내가 변한 건지|내가 변한 건지|이 순간 흐르는 시간조차 미워|우리가 변한 거지 뭐|모두가 그런 거지 뭐|그래 밉다 니가 넌 떠났지만|단 하루도 너를|잊은 적이 없었지 난|솔직히 보고 싶은데|이만 너를 지울게|그게 널 원망하기보단|덜 아프니까|시린 널 불어내 본다|연기처럼 하얀 연기처럼|말로는 지운다 해도|사실 난 아직 널 보내지 못하는데|눈꽃이 떨어져요|또 조금씩 멀어져요|보고 싶다 보고 싶다|보고 싶다 보고 싶다|얼마나 기다려야|또 몇 밤을 더 새워야|널 보게 될까 널 보게 될까|만나게 될까 만나게 될까|You know it all|You're my best friend|아침은 다시 올 거야|어떤 어둠도 어떤 계절도|영원할 순 없으니까|벚꽃이 피나봐요|이 겨울도 끝이 나요|보고 싶다 보고 싶다|보고 싶다 보고 싶다|조금만 기다리면|며칠 밤만 더 새우면|만나러 갈게 만나러 갈게|데리러 갈게 데리러 갈게|추운 겨울 끝을 지나|다시 봄날이 올 때까지|꽃 피울 때까지|그곳에 좀 더 머물러줘|머물러줘|
Get A Guitar - RIIZE,RIIZE,댄스,2023.09.04,If you want something|to play with get a guitar|너와 내 느낌대로|Make it 시작해 봐|발 박자를 맞추고|손은 Snapping like|one two five|모두 집중해 줘|When I play the guitar|Cause I know you know||Ooh baby ooh|I love it 너와 맞추는 눈|Ooh baby ooh|I love it 너와 맞추는 춤|Rhythm 속에 그려보는 햇살|가득 담은 꿈 In my heart|Tell me while||You play me like dun dun dun|Still I love it 너와 맞추는 눈|Baby dun dun dun|Still I love it 너와 맞추는 춤||Get get get get a guitar|Get get get get a guitar|Get get get get a guitar|Get get get get a guitar||If you want something|to play with get a guitar|가볍게 툭|어깨에 메고 시작해 봐|불타오를 Love and youth|외치는 순간 Feel the vibe|맘이 가는 대로|Play it get a guitar|Cause I know you know||Ooh baby ooh|I love it 너와 맞추는 눈|Ooh baby ooh|I love it 너와 맞추는 춤|Rhythm 속에 그려보는 햇살|가득 담은 꿈 In my heart|Tell me while||You play me like dun dun dun|Still I love it 너와 맞추는 눈|Baby dun dun dun|Still I love it 너와 맞추는 춤||Ooh baby ooh|I love it 너와 맞추는 눈|Ooh baby ooh|I love it 너와 맞추는 춤|네가 원하던 그 순간|다른 생각들은 다 벗어나|Tell me while||You play me like dun dun dun|Still I love it 너와 맞추는 눈|Baby dun dun dun|Still I love it 너와 맞추는 춤||Get get get get a guitar|Get get get get a guitar|Get get get get a guitar|Get get get get a guitar||Get get get get a guitar
Dynamite - 방탄소년단,방탄소년단,댄스,2020.08.24,Cos ah ah|I’m in the stars tonight|So watch me bring the fire|and set the night alight|Shoes on get up in the morn|Cup of milk let’s rock and roll|King Kong kick the drum|rolling on like a rolling stone|Sing song when I’m walking home|Jump up to the top LeBron|Ding dong call me on my phone|Ice tea and a game of ping pong|This is getting heavy|Can you hear the bass boom|I’m ready|Life is sweet as honey|Yeah this beat cha ching|like money|Disco overload I’m into|that I’m good to go|I'm diamond you know I glow up|Hey so let’s go|Cos ah ah|I’m in the stars tonight|So watch me bring the fire|and set the night alight|Shining through the city|with a little funk and soul|So I’mma light it up|like dynamite woah|Bring a friend join the crowd|Whoever wanna come along|Word up talk the talk|just move like we off the wall|Day or night the sky’s alight|So we dance to the break of dawn|Ladies and gentlemen|I got the medicine|so you should keep ya|eyes on the ball huh|This is getting heavy|Can you hear the bass boom|I’m ready|Life is sweet as honey|Yeah this beat cha ching|like money|Disco overload|I’m into that I’m good to go|I'm diamond you know I glow up|Let’s go|Cos ah ah|I’m in the stars tonight|So watch me bring the fire|and set the night alight|Shining through the city|with a little funk and soul|So I’mma light it up|like dynamite woah|Dynnnnnanana life is dynamite|Dynnnnnanana life is dynamite|Shining through the city|with a little funk and soul|So I’mma light it up|like dynamite woah|Dynnnnnanana eh|Dynnnnnanana eh|Dynnnnnanana eh|Light it up like dynamite|Dynnnnnanana eh|Dynnnnnanana eh|Dynnnnnanana eh|Light it up like dynamite|Cos ah ah|I’m in the stars tonight|So watch me bring the fire|and set the night alight|Shining through the city|with a little funk and soul|So I’mma light it up|like dynamite|Cos ah ah|I’m in the stars tonight|So watch me bring the fire|and set the night alight|Shining through the city|with a little funk and soul|So I’mma light it up|like dynamite woah|Dynnnnnanana life is dynamite|Dynnnnnanana life is dynamite|Shining through the city|with a little funk and soul|So I’mma light it up|like dynamite woah|
주저하는 연인들을 위해 - 잔나비,잔나비,인디음악/록/메탈,2019.03.13,나는 읽기 쉬운 마음이야|당신도 스윽 훑고 가셔요|달랠 길 없는 외로운 마음 있지|머물다 가셔요 음|내게 긴 여운을 남겨줘요|사랑을 사랑을 해줘요|할 수 있다면 그럴 수만 있다면|새하얀 빛으로 그댈 비춰 줄게요|그러다 밤이 찾아오면|우리 둘만의 비밀을 새겨요|추억할 그 밤 위에 갈피를 꽂고선|남몰래 펼쳐보아요|나의 자라나는 마음을|못 본 채 꺾어 버릴 순 없네|미련 남길바엔 그리워 아픈 게 나아|서둘러 안겨본 그 품은 따스할 테니|그러다 밤이 찾아오면|우리 둘만의 비밀을 새겨요|추억할 그 밤 위에 갈피를 꽂고선|남몰래 펼쳐보아요|언젠가 또 그날이 온대도|우린 서둘러 뒤돌지 말아요|마주보던 그대로 뒷걸음치면서|서로의 안녕을 보아요|피고 지는 마음을 알아요|다시 돌아온 계절도|난 한 동안 새 활짝 피었다 질래|또 한번 영원히|그럼에도 내 사랑은|또 같은 꿈을 꾸고|그럼에도 꾸던 꿈을|난 또 미루진 않을거야|
이별하고 나서야 깨달았어 - 임한별,임한별,발라드,2024.05.12,참 오랜만이야 어떻게 지냈어|나는 그럭저럭 살았어 특별한 건 없어|어렵게 얼굴 한번 보자고 한 건|니가 다른 사람 생길까 봐서 늘 불안했었어||너만 괜찮다면 시간을 더 준다면|한 번만 더 제대로 다시 만나고 싶어||이별하고 나서야 깨달았어 사랑이었단 걸|니가 떠나버린 나는 반쪽짜리라는 걸|그래서 당장에라도 이대로 기울어 쓰러질 듯한|나를 잡아줄 수 있는 사람 너뿐이라고||이기적이라서 널 놔주기 싫어서|너를 대신할 누굴 찾을 생각이 없어||이별하고 나서야 깨달았어 사랑이었단 걸|니가 떠나버린 나는 반쪽짜리라는 걸|그래서 당장에라도 이대로 기울어 쓰러질 듯한|나를 잡아줄 수 있는 사람 너뿐이란 걸 이제 알았어||이런 말 하려고 불러냈단 게 이해 안 돼|고개를 젓는 너에게|마지막의 마지막까지 하지 못한 말 할게|죽어도 난 너와는 못 헤어져||이별하고 나서 다 후회됐어 내 잘못이니까|니가 떠난 그 이유는 그래 나일 테니까|그래서 늘 미안한 그 마음에 눈물 훔쳤던 날 위해|다시 한번만 제발 한 번만 기회를 줄 순 없을까||만약이 있다면 말야
그랬나봐 - 유회승 (엔플라잉),유회승 (엔플라잉),발라드/국내드라마,2024.05.06,많은 친구 모인 밤 그 속에서 늘 있던 자리에|니가 가끔 보이질 않을 때|내가 좋아했던 너의 향길 맡으며|혹시 니가 아닐까 고갤 돌려 널 찾을 때||우연히 너의 동넬 지나갈때면|어느새 니 얼굴 자꾸 떠오를 때||그랬나봐 나 널 좋아하나봐|하루하루 니 생각만 나는걸|널 보고 싶다고 잘할 수 있다고|용기내 전활걸고 싶었는데|그게 잘 안돼 바보처럼||우연히 너의 메일을 알게되면서|모니터 앞에 널 밤새 기다릴때||그랬나봐 나 널 좋아하나봐|하루하루 니 생각만 나는걸|널 보고 싶다고 잘할 수 있다고|용기내 전활걸고 싶었는데 그게 잘 안돼||말하지 못한 막막함을 너는 알고 있을까|오랫동안 기다려온 사랑 내 앞에 숨쉬고 있는걸||그랬나봐 나 널 좋아하나봐|하루하루 니 생각만 나는걸|널 보고 싶다고 잘할 수 있다고|용기내 전활걸고 싶었는데 그게 잘 안돼||넌 언제나 나를 꿈꾸게 하지|지금보다 더 좋은 남자 되고 싶다고|널 만나러 가는 이 시간 난 연습해|그토록 오랜시간 가슴속에 숨겨왔던 말|사랑해
Love Lee - AKMU (악뮤),AKMU (악뮤),댄스,2023.08.21,You know|내 스타일이 아닌 음악을 들어도|You know|좋아하지 않는 음식을 먹어도|우산 없이 비가 와 홀딱 다 젖어도 좋아|I love it because I love you||우리 관계 디비디비딥|매일 봐도 처음같이 비기비기닝|춤추고 싶어 빌리빌리진|우리 앞 우리 옆 시기시기질투|자유로운 날갯짓 훨훨훨|꽃송이가 나를 삼킬 걸|알면서 난 뛰어들었어|Jump j-j-jump jump jump jump||So lovely day so lovely|Errday with you so lovely|Du durudu durudu du durudu||Spell L.o.v.e.L.e.e|이름만 불러도 you can feel me|눈빛만 봐도 알면서 my love||You know|아끼는 옷에 coffee를 쏟아도|You know|내가 준 목걸이를 잃어버려도|한 번 더 같은 것 사준 걸 다시 또 잃어도 좋아|I don't care I just care about you||여기 어때 how you like that|다 퍼주고 될게 빈털터리|Jubilate 박수갈채|안 반하고 누가 배겨 love sick|비타민 U가 필요해|만들어줘 샛노랗게|체크무늬 벌집 두 눈에|Honey help honey help||So lovely day so lovely|Errday with you so lovely|Du durudu durudu du durudu||Spell L.o.v.e.L.e.e|이름만 불러도 you can feel me|눈빛만 봐도 알면서 my love||누구 사랑 먹고 그리 이쁘게 컸니|Mommy or your daddy or them both|Lovey-dovey things 너의 곁에 everyday|Good morning good night|너의 이름 부를 때||So lovely day so lovely|Errday with you so lovely|Du durudu durudu du durudu||Spell L.o.v.e.L.e.e|이름만 불러도 you can feel me|눈빛만 봐도 알면서 my love|
퀸카 (Queencard) - (여자)아이들,(여자)아이들,댄스,2023.05.15,Hey you|뭘 보니? 내가 좀 Sexy Sexy 반했니|Ye you|뭐 하니? 너도 내 Kiss Kiss 원하니|월 화 수 목 금 토 일 미모가 쉬지를 않네|머리부터 발끝까지 눈부셔 빛이 나네|Oh 저기 언니야들 내 Fashion을 따라 하네|아름다운 여자의 하루는 다 아름답네|이 Party에 준비된 Birthday cake|태어나서 감사해 Every day|I don’t need them|그래 내가 봐도 난|퀸카 I’m hot|My boob and booty is hot|Spotlight 날 봐|I’m a star star star|퀸카 I’m the top|I’m twerking on the runway|I am a 퀸카|You wanna be the 퀸카|I’m a 퀸카|I’m a 퀸카|I’m a I’m a I’m a 퀸카|I’m a 퀸카 (Take a photo)|I’m a 퀸카|I’m a 퀸카|I’m a I’m a I’m a 퀸카|I’m a 퀸카|Look so cool look so sexy|like Kim Kardashian|Look so cute look so pretty like Ariana|I wanna with you 뽀뽀|I wanna with you 포옹|자꾸 예뻐져 거울 속 너어~|이 Party에 준비된 (Blue) Champagne|태어난 걸 축하해 Every day|I don’t need them|그래 내가 봐도 난|퀸카 I’m hot|My boob and booty is hot|Spotlight 날 봐|I’m a star star star|퀸카 I’m the top|I’m twerking on the runway|I am a 퀸카|You wanna be the 퀸카|I’m a 퀸카|I’m a 퀸카|I’m a I’m a I’m a 퀸카|I’m a 퀸카 (Take a photo)|I’m a 퀸카|I’m a 퀸카|I’m a I’m a I’m a 퀸카|I’m a 퀸카|아무거나 걸친 Girl 퀸카카카|마르거나 살찐 Girl 퀸카카카|자신감 넘치는 Girl 퀸카카카|I am a 퀸카|You wanna be the 퀸카|
사건의 지평선 - 윤하 (YOUNHA),윤하 (YOUNHA),록/메탈,2022.03.30,생각이 많은 건 말이야|당연히 해야 할 일이야|나에겐 우리가 지금 1순위야|안전한 유리병을 핑계로|바람을 가둬 둔 것 같지만||기억나? 그날의 우리가|잡았던 그 손엔 말이야|설레임보다 커다란 믿음이 담겨서|난 함박웃음을 지었지만|울음이 날 것도 같았어|소중한 건 언제나 두려움이니까||문을 열면 들리던 목소리|너로 인해 변해있던 따뜻한 공기|여전히 자신 없지만 안녕히||저기  사라진 별의 자리|아스라이 하얀 빛|한동안은 꺼내 볼 수 있을 거야|아낌없이 반짝인 시간은|조금씩 옅어져 가더라도|너와 내 맘에 살아 숨 쉴 테니|||여긴  서로의 끝이 아닌|새로운 길 모퉁이|익숙함에 진심을 속이지 말자|하나 둘 추억이 떠오르면|많이 많이 그리워할 거야|고마웠어요 그래도 이제는|사건의 지평선 너머로||솔직히 두렵기도 하지만|노력은 우리에게 정답이 아니라서|마지막 선물은 산뜻한 안녕||저기  사라진 별의 자리|아스라이 하얀 빛|한동안은 꺼내 볼 수 있을 거야|아낌없이 반짝인 시간은|조금씩 옅어져 가더라도|너와 내 맘에 살아 숨 쉴 테니||여긴  서로의 끝이 아닌|새로운 길 모퉁이|익숙함에 진심을 속이지 말자|하나 둘 추억이 떠오르면|많이 많이 그리워할 거야|고마웠어요 그래도 이제는|사건의 지평선 너머로||저기  사라진 별의 자리|아스라이 하얀 빛|한동안은 꺼내 볼 수 있을 거야|아낌없이 반짝인 시간은|조금씩 옅어져 가더라도|너와 내 맘에 살아 숨 쉴 테니||여긴  서로의 끝이 아닌|새로운 길 모퉁이|익숙함에 진심을 속이지 말자|하나 둘 추억이 떠오르면|많이 많이 그리워할 거야|고마웠어요 그래도 이제는|사건의 지평선 너머로||사건의 지평선 너머로
반딧불 (Little Light) - 도영 (DOYOUNG),도영 (DOYOUNG),록/메탈,2024.04.22,있잖아  나를 비추는 환한 불빛은|왜 이리 나를 지워낼까?|바람에 흔들리는 내 등불이|너머에 닿을 수 있을까?|볕이 어스름해지면|피워 낼 수 있을 텐데|이런 나라도|누군가 찾아온다면|그래 조금 더||조용하게|더 아스라이|네 눈에 담아 줄 불이라면|옅은 깜빡임에||이 빛을 내 숨을 다 쏟아내면|내 작은 달이 저 별을|꼭 닮아있기를|찰나엔 흐려도 괜찮을 거야|지나치는 혜성마저 내겐 눈부시니까|별이 없는 까망 위에 반딧불처럼||우린 둘일 때 더욱 빛나고|모두면 눈이 부실 텐데|나만이 낼 수 있는 것만으론|기억을 쓰진 못할까?|애석하게 난|밤을 걷는 저 맘들을|꿈 위에 누워|하늘을 날게 하고 싶어|그래 조금만 더||간절하게|저 태양처럼|두 눈 감아도 느껴지는 온기에||이 빛을 내 숨을 다 쏟아내면|내 작은 달이 저 별을|꼭 닮아있기를|찰나엔 흐려도 괜찮을 거야|멀어지는 우주마저 내겐 눈부시니까||더 더 내게|조금 더 바래줘 더 밝혀달라고|희미하게 선을 긋는 반딧불처럼|잔상이란 삶에 남는 내가 되게 해줘|쏟아지는 유성 빛처럼|찬란하게 부서진 날처럼||네 맘에 불이 켜지면|매일 하루가 그날과 닮아있기를|너의 숨도 소리도 빛을 내니까|어둠 속에 길을 밝혀|결국 찾아낼 거야|홀로 빛을 내는 저 반딧불처럼
우리 영화 - PLAVE,PLAVE,랩/힙합,2024.02.26,많은 장면들을 보내고 나면|엔딩크레딧에는 너와 나뿐이야|끝나지 않은 이야긴 계속돼|우리의 영화를 시작해||엄청난 사랑에 빠져 uh|너란 존재를 알게 된 건|oh 정말 Lucky me Lucky me||비슷한 모습에 운명이란 말을 믿었죠|마침내 시작된 우리 이야기를 써 내려가요||너란 영화|되어줄게 Highlight|나의 영화|되어줄래 마지막|한 편의 영화가 끝나도 끝이 아닐 거라고||멜로 영화|주인공은 너야|흑백 영화|속에 너만 빛나|막이 내리고 별빛들이 쏟아질 거야||화면 속에 너와 나 Feel like I'm Hollywood star|BGM은 Nothin' 내가 불러|넌 내 앞에서 Right here 즐겨만 줘||한걸음 우리 손잡고 같이 걷자|두 걸음 아름다운 밤을 지새우자 You know what|What a beautiful night 모닥불 is burnin'|너를 사랑할게 I'm in love||너란 영화|되어줄게 Highlight|나의 영화|되어줄래 마지막|한 편의 영화가 끝나도 끝이 아닐 거라고|멜로 영화|주인공은 너야|흑백 영화|속에 너만 빛나|막이 내리고 별빛들이 쏟아질 거야||함께 걸어가 줄래|진심이니까 내 손 놓지 마|함께 걸어가 줄 때|넘어지면 내 손잡아 줄래||함께 걸어가 줄게|힘들 때면 내 손을 잡을래|함께 걸어가 줄 때|눈부시게 아름다워져 hey||너란 영화|되어줄게 Highlight|나의 영화|되어줄래 마지막|한 편의 영화가 끝나도 끝이 아닐 거라고|멜로 영화|주인공은 너야|흑백 영화|속에 너만 빛나|막이 내리고 별빛들이 쏟아질 거야||많은 장면들을 보내고 나면|엔딩크레딧에는 너와 나뿐이야|끝나지 않은 이야긴 계속돼|우리의 영화를 시작해||
Spicy - aespa,aespa,댄스,2023.05.08,Uh Uh Too Spicy|You want my A to the Z|But you won’t 어림없지|맞혀봐 Sweet 또는 Freak|What’s hiding underneath|(I see)|망설이듯 간 보는 너|기회는 없어 Oh|Nah You won’t get it|No No  You won’t get it|I say|깜빡 한순간|끌어당겨|You’ll be mine (Mine)|살짝 다가와|Can cross my borderline|(Line Line Line)|널 따분하게 했던 Every day|흥미로운 덫을 던져줄게|뛰어들어 봐|Just right now|'Cause I’m too Spicy|for your heart|Ring the fire alarm|심장을 파고들어 넌|I'm too Spicy|번지는 자극 속에 넌|바로 그 순간|또 다른 나를 발견해|I’m too Spicy too too|I’m too Spicy|Don’t Stop 겁내지 마|Bang Bang 외쳐봐|I’m too Spicy|Yeah I’m too Spicy|You know that I|Don’t Stop 용기 내 봐|Next step  Myself|I’m too Spicy|Too Spicy too too|I’m too Spicy|Tell me what you see|When you look at me|'Cause I am a 10|out of 10 honestly|기세가 다른 Move|널 압도하는 Groove|But you keep wasting|your time Dude|Don't chase me|경고해 난|Erase me|멀리 달아나|Hey 이젠 알겠니|원래부터 Bad I’m so bad honestly|So bad|전부 가질래|지금부턴|Call you mine (Mine)|도망칠 거면|Don’t cross my borderline|(Line Line Line)|늘 뻔하기만 했던 Every day|이제 그만 Rule을 벗어날 때|어렵지 않아|Just right now|'Cause I’m too Spicy|for your heart|Ring the fire alarm|심장을 파고들어 넌|I'm too Spicy|번지는 자극 속에 넌|바로 그 순간|또 다른 나를 발견해|I’m too Spicy too too|I’m too Spicy|Ready? Uh|좀 더 강도를 높여|다음다음다음|One of a kind|우린 한계를 앞서|Wow Wow Wow|That’s Right|'Cause I’m too Spicy|for your heart|Ring the fire alarm|새로운 도전 끝에 넌|I'm too Spicy|변화할 시간이야 넌|지금 이 순간|또 다른 나를 찾아내|I’m too Spicy too too|I’m too Spicy|Don’t Stop 겁내지 마|Bang Bang 외쳐봐|I’m too Spicy|Yeah I’m too Spicy|You know that I|Don’t Stop 용기 내 봐|Next step  Myself|I’m too Spicy|I’m too Spicy|I’m too Spicy too too|I’m too Spicy|'Cause I|Oh Yeah|Yeah I’m too Spicy|for your heart|(Yeah I’m too Spicy|for your heart)|마침내 번져오는 Joy|(Enjoy joy joy joy)|Yeah I’m too Spicy|for your heart|I’m too Spicy too too|I’m too Spicy|For you|
LOVE DIVE - IVE (아이브),IVE (아이브),댄스,2022.04.05,네가 참 궁금해 그건 너도 마찬가지|이거면 충분해 쫓고 쫓는 이런 놀이|참을 수 없는 이끌림과 호기심|묘한 너와 나 두고 보면 알겠지||Woo 눈동자 아래로|Woo 감추고 있는 거|Woo yeah It’s so bad It’s good|난 그 맘을 좀 봐야겠어||Narcissistic  my god I love it|서로를 비춘 밤|아름다운 까만 눈빛 더 빠져 깊이|(넌 내게로 난 네게로)|숨 참고 love dive||Woo lalalalalalala|Woo 어서 와서 love dive|Woo oh perfect sacrifice yeah|숨 참고 love dive||마음은 이렇게 알다가도 모르지|사랑이라는 건 한순간에 필 테니|직접 들어와 두 눈으로 확인해|내 맘 가장 깊은 데로 오면 돼||Woo 망설일 시간은|Woo 3초면 되는 걸|Woo yeah It’s so bad It’s good|원하면 감히 뛰어들어||Narcissistic  my god I love it|서로를 비춘 밤|아름다운 까만 눈빛 더 빠져 깊이|(넌 내게로 난 네게로)|숨 참고 love dive||Woo lalalalalalala|Woo 어서 와서 love dive|Woo oh perfect sacrifice yeah|숨 참고 love dive||숨 참고 love dive|숨 참고 love dive|숨 참고 love dive|숨 참고 love dive||Woo lalalalalalala|Woo 어서 와서 love dive|Woo oh perfect sacrifice yeah|숨 참고 love dive
그대가 내 안에 박혔다(그내박) - 순순희(기태),순순희(기태),발라드/인디음악,2023.01.23,한참을 하늘을 보고 걸어 갔어|내 지난 사랑은 온통 미련으로 가득한데|사랑이 있다는 말은 믿지 않아|그렇게 그렇게 그저 살아|사는 게 힘겨워서 버거워서|무너지고 싶던|그 날에 햇살처럼 그댄 내게 왔다|그대가 내 안에 박혔다|그대가 내 맘을 녹였다|그대가|나밖에 몰랐던|내가 사랑을 배워가고 있다|겨울같은 시간이 와도 꽃은 꺾지 않겠다|나 이제야 이제야 숨을 쉰다|너와|사는 게 힘겨워서 버거워서|무너지고 싶던|그 날에 햇살처럼 그댄 내게 왔다|그대가 내 안에 박혔다|그대가 내 맘을 녹였다|그대가|나밖에 몰랐던|내가 사랑을 배워가고 있다|겨울같은 시간이 와도 꽃은 꺾지 않겠다|나 이제야 이제야 숨을 쉰다|너와|한없이 춥기만 했던 어둡던 지난 밤들은|오늘을 위한 시련이었다|흩어진 내 맘이 길을 잃어도|아픈 시간이 와도|그대와 함께 걷겠다 내 전부를 걸겠다|그대와|그대가 내 안에 박혔다|그대가 내 맘을 녹였다|그대가|나밖에 몰랐던|내가 사랑을 배워가고 있다|겨울같은 시간이 와도 꽃은 꺾지 않겠다|나 이제야 이제야 꿈을 꾼다|너와|
혹시 세상에 혼자 남겨진 것 같다면 - 우디 (Woody),우디 (Woody),록/메탈,2024.04.07,혹시 세상에 너 혼자 남겨진 것 같다면|아름답게 핀 저 꽃이 아름답지 않다면||거울 속에 비친 모습에|어느 미소도 없다면 나를 찾아 줄래||나의 손을 잡고 우리 같이 길을 걷자|비바람이 몰아쳐도 결국 멈출 테니까||잠시 눈을 감고 어둠 속 빛나는 결말|끝에는 네가 있다는 걸 잊지 말아 줘||맑은 하늘이 네 기분을 망쳐버린다면|하루 종일 어지러움에 헤메이다||매일 똑같은 하루 지겨울지 모르지만|내일은 좀 다를지 몰라||나의 손을 잡고 우리 같이 길을 걷자|비바람이 몰아쳐도 결국 멈출 테니까||잠시 눈을 감고 어둠 속 빛나는 결말|끝에는 네가 있다는 걸 잊지 말아 줘||나 역시 너와 같다는 걸 아픔이 없는 길은 없지|그럼에도 혼자가 아닌 걸 절대 잊지마요||나의 손을 잡고 우리 같이 길을 걷자|비바람이 몰아쳐도 결국 멈출 테니까||잠시 눈을 감고 어둠 속 빛나는 결말|끝에는 네가 있다는 걸 잊지 말아 줘||혹시 세상에 너 혼자 남겨진 것 같다면|
잘 지내자 우리 (여름날 우리 X 로이킴) - 로이킴,로이킴,발라드,2023.07.06,마음을 다 보여줬던 너와는 다르게|지난 사랑에 겁을 잔뜩 먹은|나는 뒷걸음질만 쳤다||너는 다가오려 했지만|분명 언젠가 떠나갈 것이라 생각해|도망치기만 했다||같이 구름 걸터앉은 나무 바라보며|잔디밭에 누워|한 쪽 귀로만 듣던 달콤한 노래들이|쓰디쓴 아픔이 되어|다시 돌아올 것만 같아||분명 언젠가 다시 스칠 날 있겠지만|모른 척 지나가겠지|최선을 다한 넌 받아들이겠지만|서툴렀던 난|아직도 기적을 꿈꾼다|눈 마주치며 그땐 미안했었다고|용서해달라고 얘기하는 날|그때까지 잘 지내자 우리 우리||지금 생각해보면 그까짓 두려움|내가 바보 같았지 하며|솔직해질 자신 있으니|돌아오기만 하면 좋겠다||분명 언젠가 다시 스칠 날 있겠지만|모른 척 지나가겠지|최선을 다한 넌 받아들이겠지만|서툴렀던 난|아직도 기적을 꿈꾼다|눈 마주치며 그땐 미안했었다고|용서해달라고 얘기하는 날|그때까지 잘 지내자 우리 우리||눈 마주치며 그땐 미안했다고|용서해달라고 이야기 하는 날|그때까지|잘 지내자|우리||
멈춰줘 - 헤이즈 (Heize),헤이즈 (Heize),발라드/국내드라마,2024.03.17,비겁해  난 또 뒤돌아 너에게 등을져|지금도 이렇게 많은 말을 삼킨채|단 한발자국 거리만 남긴채||대답해  나는 뭘 너에게 해주면 될까|무섭게 너에게만을 향해 가는데|저 앞에 니가 있는걸 아는데||멈춰줘  제발 나를 여기서|너에게 뛰어가는 날 멈춰줘|나는 너를 잊는 법을|니가 없는 나의 길은|모르니|날 멈춰줘||소중해|네겐 모든걸|다 주고 싶었어||미안해|턱없이 모자란건 알지만||내 마음이 널 그리워해|아니 그립다 못해 아파해||사소한 실랑이도|죽을만큼 다툰 일도|난 이젠 없으면 안돼||멈춰줘  제발 나를 여기서|너에게 뛰어가는 날 멈춰줘|나는 너를 잊는 법을|니가 없는 나의 길은|모르니||니가 없는 그 빈자릴 따라|이 순간에도 난 너에게 가는 꿈을 꿔|난 또||나의 모두는 너의것|내게 하나 남은건|너의 이름 기억||멈춰줘  제발 나를 여기서|너에게 뛰어가는 날 멈춰줘|나는 너를 잊는 법을|니가 없는 나의 길은|모르니|날 멈춰줘
Watch Me Woo! - PLAVE,PLAVE,록/메탈,2024.02.26,I got stuck in roulette|돌아가는 문제 속 헤매고 있어||We wanna touch the moon|도달할 수 없다는 건 참 어리석었지||Watch Me Woo!|Watch Me Woo!|You know I know Ah||Watch Me Woo!|Watch Me Woo!|You know I know Ah||세상은 다 거짓말|가면에 숨긴 Red eyes|All I can say is  Freedom||Vida Preciosa|Livin’ La Vida Loca|의미 없단 건 결국 없다고 Yeah||너도 알고 있잖아|그 속 안에 진실과|마주치는 순간 You'll be alright||Watch Me Woo!|Watch Me Woo!|You know I know Ah||Watch Me Woo!|Watch Me Woo!|You know I know Ah||Gold's getting bigger|Gold on my neck|Shining 24/7  They call me mad||Gold's getting bigger|Gold on my neck|Shining 24/7  They call me mad||1 hunnit  白이던 100이건 상관없이 I get it all|원하면 다 이뤄나가 Why so serious?|God damn  시간은 금 흘린 땀방울 뒤엔|우린 고급 지게 놀아 Play  부||Watch Me Woo!|Watch Me Woo!|You know I know Ah||Watch Me Woo!|Watch Me Woo!|You know I know Ah||
어떻게 이별까지 사랑하겠어 널 사랑하는 거지 - AKMU (악뮤),AKMU (악뮤),발라드,2019.09.25,일부러 몇 발자국 물러나|내가 없이 혼자 걷는 널 바라본다|옆자리 허전한 너의 풍경|흑백 거리 가운데 넌 뒤돌아본다|그때 알게 되었어|난 널 떠날 수 없단 걸|우리 사이에 그 어떤 힘든 일도|이별보단 버틸 수 있는 것들이었죠|어떻게 이별까지 사랑하겠어|널 사랑하는 거지|사랑이라는 이유로|서로를 포기하고|찢어질 것같이 아파할 수 없어 난|두세 번 더 길을 돌아갈까|적막 짙은 도로 위에 걸음을 포갠다|아무 말 없는 대화 나누며|주마등이 길을 비춘 먼 곳을 본다|그때 알게 되었어|난 더 갈 수 없단 걸|한 발 한 발 이별에 가까워질수록|너와 맞잡은 손이 사라지는 것 같죠|어떻게 이별까지 사랑하겠어|널 사랑하는 거지|사랑이라는 이유로|서로를 포기하고|찢어질 것같이 아파할 수 없어 난|어떻게 내가 어떻게 너를|이후에 우리 바다처럼 깊은 사랑이|다 마를 때까지|기다리는 게 이별일 텐데|어떻게 내가 어떻게 너를|이후에 우리 바다처럼 깊은 사랑이|다 마를 때까지|기다리는 게 이별일 텐데|
모든 날 모든 순간 (Every day Every Moment) - 폴킴,폴킴,발라드/국내드라마,2018.03.20,네가 없이 웃을 수 있을까|생각만 해도 눈물이나|힘든 시간 날 지켜준 사람|이제는 내가 그댈 지킬 테니|너의 품은 항상 따뜻했어|고단했던 나의 하루에|유일한 휴식처|나는 너 하나로 충분해|긴 말 안 해도 눈빛으로 다 아니깐|한 송이의 꽃이 피고 지는|모든 날 모든 순간 함께해|햇살처럼 빛나고 있었지|나를 보는 네 눈빛은|꿈이라고 해도 좋을 만큼|그 모든 순간은 눈부셨다|불안했던 나의 고된 삶에|한줄기 빛처럼 다가와|날 웃게 해준 너|나는 너 하나로 충분해|긴 말 안 해도 눈빛으로 다 아니깐|한 송이의 꽃이 피고 지는|모든 날 모든 순간 함께해|알 수 없는 미래지만|네 품속에 있는 지금 순간 순간이|영원 했으면 해|갈게 바람이 좋은 날에|햇살 눈부신 어떤 날에 너에게로|처음 내게 왔던 그날처럼|모든 날 모든 순간 함께해|
취중고백 - 김민석,김민석,발라드,2021.12.19,뭐하고 있었니 늦었지만|잠시 나올래|너의 집 골목에 있는|놀이터에 앉아 있어|친구들 만나서 오랜만에|술을 좀 했는데|자꾸만 니 얼굴 떠올라|무작정 달려왔어|이 맘 모르겠니|요즘 난 미친 사람처럼|너만 생각해|대책없이 네가 점점 좋아져|아냐 안 취했어 진짜야|널 정말 사랑해|눈물이 날만큼 원하고 있어|정말로 몰랐니|가끔 전화해 장난치듯|주말엔 뭐할거냐며|너의 관심 끌던 나를|그리고 한번씩 누나 주려 샀는데|너 그냥 준다고|생색 낸 선물도 너 때문에 산거야|이 맘 모르겠니|요즘 난 미친 사람처럼|너만 생각해|대책없이 네가 점점 좋아져|아냐 안 취했어 진짜야|널 정말 사랑해|진심이야 믿어줘|갑자기 이런 말 놀랐다면 미안해|부담이 되는게 당연해|이해해 널|하지만 내 고백도 이해해 주겠니 oh|지금 당장 대답하진마|나와 일주일만 사귀어줄래|후회없이 잘 해주고 싶은데|그 후에도 니가 싫다면|나 그때 포기할게|귀찮게 안할게 혼자 아플게|진심이야 너를 사랑하고 있어|
From - PLAVE,PLAVE,발라드,2024.02.26,How are you doing?|괜찮은 건지|사소한 감정들에 지쳐 보여|Somebody help me|그 시간들이 지나서|네게 비춰진 지금의 나||두려웠던 나의 계절|It was me  I didn't recognize myself||잠들지 못한 그날|잠들 수 없던 그 밤|무너질 수 없었던 일어서야만 했던|Fogginess  Broken heart|But I've dreamed all day always|Love you|From your best friend||여기|Rain is falling|여전히 난 이곳에 서 있어|Somebody help me|그토록 바랬던 그 사람은 나  너란 걸||찬란했던 나의 계절|It was me  I didn't recognize myself||잠들지 못한 그날|잠들 수 없던 그 밤|무너질 수 없었던 일어서야만 했던|Fogginess  Broken heart|But I've dreamed all day always|Love you|From your best friend||잠들지 못한 그날|잠들 수 없던 그 밤|무너질 수 없었던 일어서야만 했던|Fogginess  Broken heart|But I've dreamed all day always|Love you|From your best friend||
LALALI - 세븐틴 (SEVENTEEN),세븐틴 (SEVENTEEN),랩/힙합,2024.04.29,품행이 어쩐다고|내가 네 말을 듣겠냐고|그렇게 할 일 없냐고|도저히 너처럼 못 살아|Music blasting|창 다 깨버려|F*ck the neighbors|스피커 지붕 뚫어|온실효과 만드는 우리 실험|Trying to take a snap|Please no photos||Look at me|Look at me yeah|Bounce with me|Bounce with me yeah|느낌은 놀며 버는 LALALI|But 전 세계 Fan 다 Love|뿜빠이 13인분 페이|충분히 배부름 일타백피|SVT can't stop it|지구본 채워라 내 발자취||Malone처럼 Free throw|My team with the free smoke|전세기 to 김포|바다 위 Calypso|발이 닿는 대로 바로 나는 불티|Hot 뜨거뜨거 Hot|Not 떡볶이|할 수 있음 우리처럼 해보든지||어림없지 난 LALALI|LALALI LALALI|어림없지 난 LALALI||LALALI LALALI||겪어왔어 난 풍파|우릴 막아봐 누가|말했잖아 난 몬스터|못 즐기면 몰락|겁이 나면 뒤로 물러나 넌|뛰어놀아 우리 에너진 달러|무대 위에선 아무도 못 말려|난 LALALI 날라다님||현재 상태 비행모드|덤빈다면 내 대답은 콜|어쩌고저쩌고 또 떠들썩해도|태도는 꽂아둬 주머니에 손|8:2 가르마 머리에 딱 대|넘치는 침을 마이크에 칵 퉤|18도쯤 짝다리 자세 짚은 채로|겸손하게 들어 박수갈채||Malone처럼 Free throw|My team with the free smoke|전세기 to 김포|바다 위 Calypso|발이 닿는 대로 바로 나는 불티|Hot 뜨거뜨거 Hot|Not 떡볶이|할 수 있음 우리처럼 해보든지||어림없지 난 LALALI|LALALI LALALI|어림없지 난 LALALI||LALALI LALALI|어림없지 난 LALALI||우린 하고 싶은 건 모두 다 하지|약 오르지 우린 눈엣가시|우린 하고 싶은 건 모두 다 하지||어림없지 난 LALALI|LALALI LALALI|어림없지 난 LALALI||LALALI LALALI|어림없지 난 LALALI||어림없지 난 LALALI||
심(心) - DK(디셈버),DK(디셈버),록/메탈,2023.02.19,한땐 너를 사랑했지만|네 곁에 있는 사랑이|너무 아름다워 보기 좋았었기에|잘 되길 바래왔는데|많은 축복에 둘러싸인|행복한 그 사람 곁에|이젠 네가 아닌 다른 그의 사랑이|또다시 날 아프게 해|미안해 너를 위해 기대어줄|가슴 밖에 빌려줄 수 없는 나인걸|슬퍼하는 너를 위해서|해줄게 남아 있다면|무엇이든 다 얘길 해주길 바래|나 기다리고 있을게|야윈 그대 안에 눈물이|마르는 그날이 오면|웃으며 다시 그댈 보내줄게요|사랑하니까|슬퍼하는 너를 위해서|해줄게 남아 있다면|무엇이든 다 얘길 해주길 바래|나 기다리고 있을게|야윈 그대 안에 눈물이|마르는 그날이 오면|웃으며 다시 그댈 보내줄게요|사랑하니까|
Baddie - IVE (아이브),IVE (아이브),댄스,2023.10.13,Imma baddie baddie baddie|Pretty little risky baddie|뭐든 될 대로 되라지 Catch me if you can|Baddie baddie baddie|나는 없어 거기 이미|어차피 못 찾을 테니 Catch me if you can||Nothing like the regulars|내 DNA엔 blue blood runs|더 솔직하게 말해줘 착한 척은 지겨워|우리 앞에선 룰이|의미 없었어 굳이|유행이 돌고 돌아도 난 그 틀에 없어 이미|I wanna break I wanna kick|뛰어 놀래 시끄럽게|다채로운 매력 수많은 변칙 위에 더 빛을 발하지||답답한 건 벗어 던져|고개 숙일 필요 없어||Imma baddie baddie baddie|Pretty little risky baddie|뭐든 될 대로 되라지 Catch me if you can|Baddie baddie baddie|나는 없어 거기 이미|어차피 못 찾을 테니 Catch me if you can||And the fit pop like bubblegum|내 판단을 믿어 난|할말도 많아 참|모자이크 없이 Spit it out|난 즐겨 이 troublesome|그 누구도 Can’t bite me|원한다면 Come try me|언제든 You’re invited|난 thriller 속 villain|생각할 시간에 저지르는 게 my motto||Imma baddie baddie baddie|Pretty little risky baddie|뭐든 될 대로 되라지 Catch me if you can|Baddie baddie baddie|앞 다퉈 내 길을 막지|가뿐히 날아 오를 테니 Catch me if you can||Imma baddie baddie baddie|어딜 그리 바삐 가니|뭐든 될 대로 되라지 Catch me if you can|Baddie baddie baddie|나는 없어 거기 이미|어차피 못 찾을 테니 Catch me if you can||Imma baddie baddie baddie|어딜 그리 바삐 가니|뭐든 될 대로 되라지 Catch me if you can|Baddie baddie baddie|나는 없어 거기 이미|어차피 못 찾을 테니 Catch me if you can
Super Lady - (여자)아이들,(여자)아이들,댄스,2024.01.29,I am the top  super lady (Oh)|I never lose yeah|(’Cause got a super power)|I am a god  super lady (Oh)|I NEVER DIE 봤지? 모두 Follow||Boy boy boy 거기 비켜 어서|우린 Love love love 따위 하긴 바빠|여긴 War war war 자비 따윈 없어|날 막는다면 Slay it (Lock it)||남자들의 뻔한 가식 (Drop it)|억 소리 나는 그 사치|영웅은 조금의 흔들릴 틈 없이|Ready to shoot||입술이 다 번져도|그 어떤 놈보다 멋지게|(누구보다 멋지게)|웃어 보이지 더 거칠게|독하다 해 That’s my name|I never bow on my way||Lady lady|Call me ‘Super Lady’|Lady lady||Follow  ladies|Onward  ladies|Super ladies|하나 둘 셋||Mama said 넌 언젠가 세상을 망칠 악|그 겁에 질린 눈빛도 참 못됐으니까||그 눈빛은 패왕색 패기 여왕의 자질 The Baddie|100이면 100이 다 기절한 각성에 겁먹은 Devil|그래 뵈는 게 없거든 Do you know?||불길이 다 번져도|그 어떤 놈보다 멋지게|(누구보다 멋지게)|뛰어들 테지 더 뜨겁게|독하다 해 That’s my name|I never bow on my way||Lady lady|Call me ‘Super Lady’|Lady lady||Follow  ladies|Onward  ladies|Super ladies||Let’s go on fearless|We came to take a win||Back it up (Oh)|Back it up (Oh-oh)|Back it up (Oh)|Back it up|Everybody say||누가 우릴 부른다면 Yes sir  super fast|누가 우릴 막는다면 Yes sir  supernatural|누가 봐도 우린 Yes  stronger than Superman|Yes sir  I got super power|Yes sir  I’m a
음악의 신 - 세븐틴 (SEVENTEEN),세븐틴 (SEVENTEEN),댄스,2023.10.23,세상에 음악의 신이 있다면|고맙다고 안아주고 싶어||전 세계 공통의 Language|자음과 모음이 달라도 상관없는 건 Music|말이 안 통해도 음악이 있다면|우리는 지금부터는 아주 친한 친구||너와 내가 모르는 사이여도 춤출 수 있어|We can mix it up right|Sugar and spice|Brass sound and guitar||네 글자면 다 내 이름이래|쿵치팍치 또한 내 이름인가|이것 또한 나를 위한 소린가|Kick snare|Drum bass|Piano|Bassline||무엇이 우리의 행복인가|뭐 있나 춤을 춰 노래하자|이것이 우리의 행복이다||다시 한번 더 Hey||음악은 우리의 숨이니까|위험하지 않아 계속 들이키자|Everybody 귀를 기울여 보자||세상에 음악의 신이 있다면|이건 당신께 주는 메시지|음정 하나하나 모아보자 음-|춤춰 노래해 기분이 끝내주네||쿵 치 팍 치 쿵 쿵 치 팍 치 예|쿵 치 팍 치 쿵 쿵 치 팍 치 예|쿵 치 팍 치 쿵 쿵 치 팍 치 예|행복은 바로 지금이야||생각해 봐 우리는 소음마저 음악이야|저마다의 쿵짝 맞춰가며 살아가|개미의 발소리마저도 Harmony||무엇이 우리의 행복인가|뭐 있나 춤을 춰 노래하자|이것이 우리의 행복이다||다시 한번 더 Hey||음악은 우리의 숨이니까|위험하지 않아 계속 들이키자|Everybody 귀를 기울여 보자||세상에 음악의 신이 있다면|이건 당신께 주는 메시지|음정 하나하나 모아보자 음-|춤춰 노래해 기분이 끝내주네||쿵 치 팍 치 쿵 쿵 치 팍 치 예|쿵 치 팍 치 쿵 쿵 치 팍 치 예|쿵 치 팍 치 쿵 쿵 치 팍 치 예|음악의 신이 있다면||SEVENTEEN to the world|전 세계 다 합창||쿵 치 팍 치 쿵 쿵 치 팍 치 예|쿵 치 팍 치 쿵 쿵 치 팍 치 예|쿵 치 팍 치 쿵 쿵 치 팍 치 예|음악의 신이 있다면
I Don't Think That I Like Her - Charlie Puth,Charlie Puth,POP,2022.10.07,Get her name and get her number|Find out all of the things|that we have in common|Never all the differences |oh  yeah|Meet her parents  meet her brother|Then she starts sleepin'|over the crib on weekends|Like a real relationship  oh  no|For me  the stars are alignin'|But for her  it's bad timin'|So she just can't be mine|I don't think|that I like her anymore|Cause they're all the same|All they wanna do is break|my heart  my heart (Oh-oh)|I don't think|that I like her anymore|Cause they're all the same|They just wanna see me|fall apart  apart (Oh-oh)|So I hook up on a rebound|And I say that I'm gonna be|single for life|But she's so pretty|and nice (Pretty and nice)|So I made just one exception|But I find out eventually|I'm not her type|Baby  that's the reason why  that|For me  the stars are alignin'|But for her  it's bad timin'|So she just can't be mine|I don't think|that I like her anymore (Yeah)|Cause they're all the same|All they wanna do is break|my heart  my heart (Oh-oh)|I don't think|that I like her anymore (No)|Cause they're all the same|They just wanna see me|fall apart  apart (Oh-oh)|I'm trying not to be bitter|But damn it  I miss her|'Cause she's one of a kind|For me  the stars are alignin'|But for her  it's bad timin'|So she just can't be mine|I don't think|that I like her anymore|Cause they're all the same|All they wanna do is break|my heart  my heart (Oh-oh)|I don't think|that I like her anymore|Cause they're all the same|They just wanna see me|fall apart  apart (Oh-oh)|Then we fall |we fall  fall  fall apart now|I don't think|that I like her anymore|Cause they're all the same|They just wanna see me|fall apart  apart (Oh-oh)|
다정히 내 이름을 부르면 - 경서예지 전건호,경서예지,발라드,2021.05.19,끝없이 별빛이 내리던 밤|기분 좋은 바람이|두 뺨을 스치고|새벽 바다 한곳을 보는|아름다운 너와 나|그림을 그려갔어|모래 위 떨린 손끝으로|날 향해 웃어주는 입술|끝 모양과 저 달보다|사랑스러운 두 눈을 가진 네가|다정히 내 이름을|부르면 내 마음이|녹아내려 언제나|나 하날 위해 준비된|선물 같아 널 안으면|잠들지 않는 바다 위를|너와 함께 걷는 거 같아|하늘 아래 너와 나|남은 내 모든 날을 너에게|다 줘도 안 아까워|이제서야 내가|사랑에 눈을 뜬 건 가봐|경험하지 못했고|믿기지 않는 일만|일어나고 있는 거 아니|5월에 피는 봄꽃 처럼|내 사랑도 피어나|부는 바람에 살며시 실어 보내|다정히 내 이름을|부르면 내 마음이|녹아내려 언제나|나 하날 위해 준비된|선물 같아 널 안으면|잠들지 않는 바다 위를|너와 함께 걷는 거 같아|하늘 아래 너와 나|설레는 지금이|꿈이 아닌 걸 알잖아|난 더 바랄 게 없어|먼 훗날 내 생애|아주 작은 소리로|귓가에 말할 거야|내 곁에 머물러줘서|마음 다해 고맙다고|어떤 말로도 표현 못 할|내 인생의 전부였다고|이 순간 너를 꼭 안고|고백할게 언제나|우리 모든 날들과|별빛 아래 우리 그림자|제일로 특별하다고|길고 긴 겨울 끝을 지나|너의 앞에 서있는 지금|선명한 목소리로|널 사랑한다고|말할게|
버추얼 아이돌 - PLAVE,PLAVE,랩/힙합,2024.02.26,아 매워|뭐가요?|맵다고|뭐가요?|어 매운 거? 라쓰고?|그런 거 말고|우리가 맵다|은호야 가자|네 형님||어디 갈까 고민하지 마|누가 뭐래도 난 충분하니까|있잖아 진짜로 하나도 부럽지가 않아|Billie jean is not my lover||타격 없어 떠들어 더|내 스타일은 한 귀로 듣고 흘렸어|죄송해요 귀엽게 봐주세요|버추얼 아이돌|우린 PLAVE||난 삐뚤 빼뚤 (삐뚤 빼뚤)|안 비슷 비슷해 (기특 기특해)|난 삐걱 삐걱 (삐걱 거려)|안 비겁 비겁해||Shake it 흔들어|Hater 들은 그냥 가세요|키득 키득|지긋 지긋||난 삐뚤 빼뚤 (삐뚤 빼뚤)|안 비슷 비슷해 (기특 기특해)|난 삐걱 삐걱거릴수록|다들 좋아해 (닥터)||Shake it 흔들어|Hater 들은 그냥 가세요|키득 키득해|지긋 지긋해|Hey yeah||너 부정하지 마 (할 수 있잖아)|내 생각이 나잖아 (뭐야 왜 저래?)|논중화물이야 난|PLAVE 날아가는 모양||라쓰고||이름이 뭐냐고 물어보게 돼 넌 결국엔 입덕|파란색 노란색 분홍색 실버색 검은색|궁금해서 못 참을 거야 분명|버추얼 아이돌|우린 PLAVE||난 삐뚤 빼뚤 (삐뚤 빼뚤)|안 비슷 비슷해 (기특 기특해)|난 삐걱 삐걱 (아이고)|안 비겁 비겁해||Shake it 흔들어|Hater 들은 그냥 가세요|키득 키득|지긋 지긋||난 삐뚤 빼뚤 (삐뚤 빼뚤)|안 비슷 비슷해 (기특 기특해)|난 삐걱 삐걱거릴수록|다들 좋아해 (뚝스)||Shake it 흔들어|Hater 들은 그냥 가세요|키득 키득해|지긋 지긋해|Hey yeah||인사드리겠습니다|잘 부탁드립니다|자주 뵙고 싶습니다|예쁘게 봐주세요||(예쁘게 봐달라니까?)||인사드리겠습니다|잘 부탁드립니다|자주 뵙고 싶습니다|예쁘게 봐주세요||난 삐뚤 빼뚤|안 비슷 비슷해|난 삐걱 삐걱|안 비겁 비겁해||Shake it 흔들어|Hater 들은 그냥 가세요||여러분 대박입니다||
사랑하지 않아서 그랬어 - 임한별,임한별,발라드,2023.04.02,사랑하지 않기로 했어|나만 생각하기로 했어|니 눈물을 못 본 척 좀 해야겠어|나쁜 사람 되기 싫어서|구차해지는 변명들로|괜한 기대하게 만들기 싫었어|마지막까지 상처 주긴 싫은데|난 여전히 너를 배려해 줄|자신이 없는걸|사랑하지 않았어 미안해|참 많이 고마웠어|미련 갖는 일 그런 일 없을 거야 정말|매번 져주려 했던 너에게|기어코 이겨보려 애썼던 순간도|너를 필요 없어 했던 밤도|사랑하지 않아서 그랬어|마지막으로 안아주면 안 될까|말하는 니 얼굴|떳떳하게 볼 수가 없는걸|사랑하지 않았어 미안해|참 많이 고마웠어|미련 갖는 일 그런 일 없을 거야 정말|매번 져주려 했던 너에게|기어코 이겨보려 애썼던 순간도|너를 필요 없어 했던 밤도|사랑하지 않아서 그랬어|넌 모르지 내 맘이 어떤지|계속 사랑해보려 애를 썼어|내가 다 미안해|도망치는 내가 밉겠지만|나는 후련한 거 같아 여기까지만 해|기다리면은 안 돼 잘 들어|날 미워해야만 해|계속 울어도 난 멀리 떠날 거야 제발|니가 괴롭든 말든 꺼놨던 전화도|아픈 니가 귀찮았던 밤도|하다못해 지금 내 말투도|사랑하지 않아서 그랬어|
You & Me - 제니 (JENNIE),제니 (JENNIE),댄스,2023.10.06,You know I gotcha|You know that I got you like that|Ain’t nobody gonna have your back|like the way I do|You love it just say you do||You know you got me|Everything you do|Everything you did|Everything I wish I was with|Makes me feel alright|I’m just saying so||I really like it|Nothing in the world can make me feel the way you do the things you do|I really like it|Nothing in the world can make me feel the way you do the things you do||I love you and me|Dancing in the moonlight|Nobody can see|It’s just you and me tonight|I love you and me|Dancing in the moonlight|Nobody can see|It’s just you and me tonight||Look at you now look at me|How you ever ever gonna find someone like this|Look at you now look at me|How you ever ever gonna find someone like this||You’re the reason my heart skips drops|Just a little touch my world stops|Finally I know that you’re mine|I don’t want to fall|Don’t wanna play this game of love oh eh oh|There’s nowhere to hide||I really like it|Nothing in the world can make me feel the way you do the things you do|I really like it|Nothing in the world can make me feel the way you do the things you do||I love you and me|Dancing in the moonlight|Nobody can see|It’s just you and me tonight|I love you and me|Dancing in the moonlight|Nobody can see|It’s just you and me tonight||Look at you now look at me|How you ever ever gonna find someone like this|Look at you now look at me|How you ever ever gonna find someone like this||I don’t care about your first love |This should be your last one|Nothin’ like your last one|You look better on me  that’s fashion|Won’t block your shot  lights camera action|Never been a love me or a love me not thing|Every petal better tell him better not change|I love you I love me a lot  wait|Which one I love better  better off not saying||I love you and me|
좋아해요 - 폴킴,폴킴,발라드/국내드라마,2024.04.06,뜨거워요 여기 마음한켠|그댈 보면 자꾸 눈물이나요|갑자기 그 이름이 문득 떠오르면|따뜻해요 여기 온 마음이||떨리는 목소리로 표정으로|그대에게 말할게요  난 그대를||좋아해요  아니 사랑해요|나의 마음 전부 너에게 가 있네요|보고싶고 자꾸 떠오르는걸 보면|남았나봐요 네게 더 줄 맘이|그댈 좋아해요||어느날 가까이서 그댈 다시 보면|난 깨달아요  하고싶던 그 말이||떨리는 목소리로 표정으로|그대에게 말할게요  난 그대를||좋아해요  아니 사랑해요|나의 마음 전부 너에게 가 있네요|보고싶고 자꾸 떠오르는걸 보면|남았나봐요 네게 더 줄 맘이||내 입이 마르면 눈으로|두 눈이 감기면 품으로|매일 너에게 말 해줄게||난 좋아해요  아니 사랑해요|나의 마음 전부 너에게 가 있네요|보고싶고 자꾸 떠오르는걸 보면|남았나봐요 네게 더 줄 맘이|난 그댈 좋아해요
청혼하지 않을 이유를 못 찾았어 - 이무진,이무진,발라드,2024.04.02,너에게 안 믿길 만큼 받은 게 참 많아요|우선은 너 하나  그리고 우리란 말|사실 더할 나위 없이 그거면 됐지요|우리만의 기억 과분한 선물이지요||너로 인해 난 놀랍게도 변한 게 참 많아요|맘속엔 너와 날 가득히 채운 바다|잡은 두 손 사이로 붉은 실이 보이죠|어쩌면 정해져 있었던 걸지도||근데 있잖아 자연스런 고백이 난 제일 어려워|내 맘을 멋있게 전하고 싶어 고민했어|수많은 바람 끝에 너에게 할 말을 정했어|가장 솔직하고 감동적인 말||너에게 청혼하지 않을 이유를 못 찾았어|내 일상  내 모든 하루는 너라서|그댄 오늘도 정말 예쁘네요|빛나줘 곁에서 부디 영원토록||수백 번 연습하며 오늘을 기다려왔어|어쩌면 어설픈 말들일지라도|그댈 내일 더 사랑할 거란 것|그게 내가 청혼할 이유|그 이유의 이유||마침내 전한 내 고백 조금은 수줍어도|굳게 잡은 두 손 놓지 않기로 약속|마지막까지도 꼭 함께하기로|그 마지막의 마지막의 마지막까지도||너에게 청혼하지 않을 이유를 못 찾았어|내 일상  내 모든 하루는 너라서|그댄 오늘도 정말 예쁘네요|빛나줘 곁에서 부디 영원토록||수백 번 연습하며 오늘을 기다려왔어|어쩌면 어설픈 말들일지라도|그댈 내일 더 사랑할 거란 것|그게 내가 청혼할 이유|그 이유의 이유||많은 사람들 중에|그 많은 순간들 중에|만난 우리|우연과 얽힌 운명들 중에|가장 찬란한 순애|그 서막 끝의 무대||너에게 청혼하지 않을 이유를 못 찾은 것|기억 속 찬란함이 온통 너란 것|그댄 오늘도 정말 예쁘단 것|전부야 너무나 당연한 이유가||난 이제 준비해 둔 모든 말을 꺼내 뒀어|항상 내 맘 한켠 담아뒀던 프러포즈|그댄 내일도 아름다울 거란 것|그게 내가 청혼한 이유|그저 너란 이유
Kitsch - IVE (아이브),IVE (아이브),댄스,2023.04.10,It's our time 우린 달라 특별한 게 좋아|Oh What a good time|난 잘 살아 내 걱정은 낭비야|네가 보낸 DM을 읽고 나서 답이 없는 게|내 답이야 (That’s my style)|OOTD 하나까지 완전 우리답지|My favorite things 그런 것 들엔 좀|점수를 매기지 마|난 생겨 먹은 대로 사는 애야  뭘 더 바래|That’s my style (That’s my style)|우리만의 자유로운 nineteen’s kitsch|지금까지 한적 없는 custom fit|올려 대는 나의 feed엔 like it|홀린 듯이 눌러 모두 다 like it|내가 추는 춤을 다들 따라 춰|매일 너의 알고리즘에 난 떠|걷잡을 수 없이 올라 미친 score|그 누구도 예상 못할 nineteen’s kitsch|우리만의 자유로운 nineteen’s kitsch|우리-우리만의 자유로운|nineteen’s kitsch|우리만의 자유로운 nineteen’s kitsch|우리-우리만의 자유로운|nineteen’s kitsch|kitsch kitsch kitsch kitsch|kitsch kitsch kitsch|우리만의 자유로운 nineteen’s kitsch|우리-우리만의 자유로운|달콤한 말  뒤에 숨긴 너의 의도대로|따라가진 않을 거야 난 똑똑하니까|난 절대 끌리지 않는 것에 끌려가지 않아|That’s my style (That’s my style)|우리만의 자유로운 nineteen’s kitsch|지금까지 한적 없는 custom fit|올려 대는 나의 feed엔 like it|홀린 듯이 눌러 모두 다 like it|내가 추는 춤을 다들 따라 춰|매일 너의 알고리즘에 난 떠|걷잡을 수 없이 올라 미친 score|그 누구도 예상 못할 nineteen’s kitsch|우리만의 자유로운 nineteen’s kitsch|우리-우리만의 자유로운|nineteen’s kitsch|우리만의 자유로운 nineteen’s kitsch|우리-우리만의 자유로운|nineteen’s kitsch|kitsch kitsch kitsch kitsch|kitsch kitsch kitsch|우리만의 자유로운 nineteen’s kitsch|우리-우리만의 자유로운|Yah 모두 주목해|내가 좋아하는 것만 하면 뭐 어때 huh|This ain’t ur life|쓸데없는 생각 따위 Go away|답답한 이 세상 앞엔 멋대로 할래|YOLO! Say no! 너의 길을 가 now|잔소리는 Quite down|이제 그만 Peace out|우리만의 자유로운 nineteen’s kitsch|지금까지 한적 없는 custom fit|올려 대는 나의 feed엔 like it|홀린 듯이 눌러 모두 다 like it|내가 추는 춤을 다들 따라 춰|매일 너의 알고리즘에 난 떠|걷잡을 수 없이 올라 미친 score|그 누구도 예상 못할 nineteen’s kitsch|우리만의 자유로운 nineteen’s kitsch|우리-우리만의 자유로운|nineteen’s kitsch|우리만의 자유로운 nineteen’s kitsch|우리-우리만의 자유로운|nineteen’s kitsch|kitsch kitsch kitsch kitsch|kitsch kitsch kitsch|우리만의 자유로운 nineteen’s kitsch|우리-우리만의 자유로운|nineteen’s kitsch|
Run Run - 이클립스 (ECLIPSE),이클립스 (ECLIPSE),록/메탈/국내드라마,2024.04.08,태양을 향해|더 힘껏 날아|쓰러진 꿈들을 세워가|놓지 않을 Chance|높은 벽은 Break it|심장 소릴 따라가||Bye bye 눈물의 지난날은|Hi 기다려온 순간 Right now|고민 따윈 Zero|지금 바로 Runnin again  running again|Whoa-a||떨리는 전율을 느껴 We ride|멈출 수 없는 이 Feeling|우린 다시|힘차게 달려가||I'm ready to|Run run 내 옆에 너를 안고|Run run 넘어져도 Start again|끝없이 펼쳐진 하늘 위로 Fly forever|이대로 달려갈게||I Run 거친 바람 가르고|난 다시 높이 날아올라|피어난 My dreams|희망을 향해 뛰어 자유롭게|So I'm running||밤이 캄캄해도|두려움은 No more|망설이지 마 We just go|서툴렀던 너를 바꿔|참아왔던 열정을 불태워 Burn it up|뜨겁게 타올라||Bye bye 눈물의 지난날은|Hi 기다려온 순간 Right now|고민 따윈 Zero|지금 바로 Runnin and runnin and runnin again|Whoa-a||떨리는 전율을 느껴 We ride|멈출 수 없는 이 Feeling|우린 다시|힘차게 달려가||I'm ready to|Run run 내 옆에 너를 안고|Run run 넘어져도 Start again|끝없이 펼쳐진 하늘 위로 Fly forever|이대로 달려갈게||I Run 거친 바람 가르고|난 다시 높이 날아올라|피어난 My dreams|희망을 향해 뛰어 자유롭게|So I'm running||(Oh oh oh oh)|첨부터 다시 해봐|너를 믿고서 Try again|(Oh oh oh oh)|새롭게 펼쳐질 하루를|Run again||I'm ready to|Run run 내 옆에 너를 안고|Run run 넘어져도 Start again|끝없이 펼쳐진 하늘 위로 Fly forever|이대로 달려갈게||I Run 거친 바람 가르고|난 다시 높이 날아올라|피어난 My dreams|희망을 향해 뛰어 자유롭게|So I'm running
